timestamp,user,enabled_roles,action,entity_category,entity,result,query_id
2026-09-17T15:45:35.628913Z,gov-audit,gov_auditor|public,SHOW,Roles,All roles,ALLOW,20260917_154535_01599_ueuue
2026-09-17T15:45:35.628612Z,gov-audit,gov_auditor|public,EXECUTE,Queries,,ALLOW,20260917_154535_01599_ueuue
2026-09-17T15:45:35.583705Z,gov-audit,gov_auditor|public,EXECUTE,Queries,,ALLOW,20260917_154535_01598_ueuue
2026-09-17T15:45:35.541067Z,gov-audit,gov_auditor|public,EXECUTE,Queries,,ALLOW,20260917_154535_01597_ueuue
2026-09-17T15:45:35.454705Z,gov-audit,gov_auditor|public,INSERT,Tables,js_financial_ice.gov_demo.customer_transactions.*,DENY,20260917_154535_01596_ueuue
2026-09-17T15:45:35.448661Z,gov-audit,gov_auditor|public,EXECUTE,Queries,,ALLOW,20260917_154535_01596_ueuue
2026-09-17T15:45:35.403993Z,gov-audit,gov_auditor|public,EXECUTE,Queries,,ALLOW,20260917_154535_01595_ueuue
2026-09-17T15:45:35.361956Z,gov-audit,gov_auditor|public,EXECUTE,Queries,,ALLOW,20260917_154535_01594_ueuue
2026-09-17T15:45:35.275140Z,gov-audit,gov_auditor|public,SELECT,Tables,js_financial_ice.gov_demo.customer_transactions.national_id,DENY,20260917_154535_01593_ueuue
2026-09-17T15:45:35.269985Z,gov-audit,gov_auditor|public,EXECUTE,Queries,,ALLOW,20260917_154535_01593_ueuue
2026-09-17T15:45:35.225705Z,gov-audit,gov_auditor|public,EXECUTE,Queries,,ALLOW,20260917_154535_01592_ueuue
2026-09-17T15:45:35.182092Z,gov-audit,gov_auditor|public,EXECUTE,Queries,,ALLOW,20260917_154535_01591_ueuue
2026-09-17T15:45:35.103606Z,gov-audit,gov_auditor|public,SELECT,Tables,js_financial_ice.gov_demo.customer_transactions.*,DENY,20260917_154535_01590_ueuue
2026-09-17T15:45:35.097372Z,gov-audit,gov_auditor|public,EXECUTE,Queries,,ALLOW,20260917_154535_01590_ueuue
2026-09-17T15:45:35.052736Z,gov-audit,gov_auditor|public,EXECUTE,Queries,,ALLOW,20260917_154535_01589_ueuue
2026-09-17T15:45:35.009627Z,gov-audit,gov_auditor|public,EXECUTE,Queries,,ALLOW,20260917_154535_01588_ueuue
2026-09-17T15:45:34.910709Z,gov-audit,gov_auditor|public,SHOW,Tables,js_financial_ice.gov_demo.*,ALLOW,20260917_154534_01587_ueuue
2026-09-17T15:45:34.910384Z,gov-audit,gov_auditor|public,EXECUTE,Queries,,ALLOW,20260917_154534_01587_ueuue
2026-09-17T15:45:34.863424Z,gov-audit,gov_auditor|public,EXECUTE,Queries,,ALLOW,20260917_154534_01586_ueuue
2026-09-17T15:45:34.821554Z,gov-audit,gov_auditor|public,EXECUTE,Queries,,ALLOW,20260917_154534_01585_ueuue
2026-09-17T15:45:34.745270Z,gov-tha,gov_thailand_analyst|public,DELETE,Tables,js_financial_ice.gov_demo.customer_transactions.*,DENY,20260917_154534_01584_ueuue
2026-09-17T15:45:34.739721Z,gov-tha,gov_thailand_analyst|public,EXECUTE,Queries,,ALLOW,20260917_154534_01584_ueuue
2026-09-17T15:45:34.696040Z,gov-tha,gov_thailand_analyst|public,EXECUTE,Queries,,ALLOW,20260917_154534_01583_ueuue
2026-09-17T15:45:34.655029Z,gov-tha,gov_thailand_analyst|public,EXECUTE,Queries,,ALLOW,20260917_154534_01582_ueuue
2026-09-17T15:45:34.549927Z,gov-tha,gov_thailand_analyst|public,(ANY),Tables,js_financial_ice.gov_demo.customer_transactions.*,ROW_FILTER,20260917_154534_01581_ueuue
2026-09-17T15:45:34.547575Z,gov-tha,gov_thailand_analyst|public,SELECT,Tables,"js_financial_ice.gov_demo.customer_transactions.[fraud_flag,account_id,country_code,customer_name,mobile_number,investigation_status,risk_score,transaction_i...",ALLOW,20260917_154534_01581_ueuue
2026-09-17T15:45:34.546847Z,gov-tha,gov_thailand_analyst|public,(ANY),Tables,js_financial_ice.gov_demo.customer_transactions.account_id,COLUMN_MASK,20260917_154534_01581_ueuue
2026-09-17T15:45:34.546840Z,gov-tha,gov_thailand_analyst|public,(ANY),Tables,js_financial_ice.gov_demo.customer_transactions.email,COLUMN_MASK,20260917_154534_01581_ueuue
2026-09-17T15:45:34.546833Z,gov-tha,gov_thailand_analyst|public,(ANY),Tables,js_financial_ice.gov_demo.customer_transactions.mobile_number,COLUMN_MASK,20260917_154534_01581_ueuue
2026-09-17T15:45:34.546823Z,gov-tha,gov_thailand_analyst|public,(ANY),Tables,js_financial_ice.gov_demo.customer_transactions.national_id,COLUMN_MASK,20260917_154534_01581_ueuue
2026-09-17T15:45:34.546800Z,gov-tha,gov_thailand_analyst|public,(ANY),Tables,js_financial_ice.gov_demo.customer_transactions.customer_name,COLUMN_MASK,20260917_154534_01581_ueuue
2026-09-17T15:45:34.541640Z,gov-tha,gov_thailand_analyst|public,EXECUTE,Queries,,ALLOW,20260917_154534_01581_ueuue
2026-09-17T15:45:34.496137Z,gov-tha,gov_thailand_analyst|public,EXECUTE,Queries,,ALLOW,20260917_154534_01580_ueuue
2026-09-17T15:45:34.454072Z,gov-tha,gov_thailand_analyst|public,EXECUTE,Queries,,ALLOW,20260917_154534_01579_ueuue
2026-09-17T15:45:34.329754Z,gov-tha,gov_thailand_analyst|public,(ANY),Tables,js_financial_ice.gov_demo.customer_transactions.*,ROW_FILTER,20260917_154534_01578_ueuue
2026-09-17T15:45:34.327367Z,gov-tha,gov_thailand_analyst|public,SELECT,Tables,"js_financial_ice.gov_demo.customer_transactions.[account_id,country_code,customer_name,mobile_number,transaction_id,national_id,email]",ALLOW,20260917_154534_01578_ueuue
2026-09-17T15:45:34.326679Z,gov-tha,gov_thailand_analyst|public,(ANY),Tables,js_financial_ice.gov_demo.customer_transactions.account_id,COLUMN_MASK,20260917_154534_01578_ueuue
2026-09-17T15:45:34.326672Z,gov-tha,gov_thailand_analyst|public,(ANY),Tables,js_financial_ice.gov_demo.customer_transactions.email,COLUMN_MASK,20260917_154534_01578_ueuue
2026-09-17T15:45:34.326665Z,gov-tha,gov_thailand_analyst|public,(ANY),Tables,js_financial_ice.gov_demo.customer_transactions.mobile_number,COLUMN_MASK,20260917_154534_01578_ueuue
2026-09-17T15:45:34.326656Z,gov-tha,gov_thailand_analyst|public,(ANY),Tables,js_financial_ice.gov_demo.customer_transactions.national_id,COLUMN_MASK,20260917_154534_01578_ueuue
2026-09-17T15:45:34.326631Z,gov-tha,gov_thailand_analyst|public,(ANY),Tables,js_financial_ice.gov_demo.customer_transactions.customer_name,COLUMN_MASK,20260917_154534_01578_ueuue
2026-09-17T15:45:34.320085Z,gov-tha,gov_thailand_analyst|public,EXECUTE,Queries,,ALLOW,20260917_154534_01578_ueuue
2026-09-17T15:45:34.275223Z,gov-tha,gov_thailand_analyst|public,EXECUTE,Queries,,ALLOW,20260917_154534_01577_ueuue
2026-09-17T15:45:34.231475Z,gov-tha,gov_thailand_analyst|public,EXECUTE,Queries,,ALLOW,20260917_154534_01576_ueuue
2026-09-17T15:45:34.118078Z,gov-tha,gov_thailand_analyst|public,(ANY),Tables,js_financial_ice.gov_demo.customer_transactions.*,ROW_FILTER,20260917_154534_01575_ueuue
2026-09-17T15:45:34.116Z,gov-tha,gov_thailand_analyst|public,SELECT,Tables,"js_financial_ice.gov_demo.customer_transactions.[account_id,country_code,customer_name,mobile_number,national_id,email]",ALLOW,20260917_154534_01575_ueuue
2026-09-17T15:45:34.115324Z,gov-tha,gov_thailand_analyst|public,(ANY),Tables,js_financial_ice.gov_demo.customer_transactions.account_id,COLUMN_MASK,20260917_154534_01575_ueuue
2026-09-17T15:45:34.115317Z,gov-tha,gov_thailand_analyst|public,(ANY),Tables,js_financial_ice.gov_demo.customer_transactions.email,COLUMN_MASK,20260917_154534_01575_ueuue
2026-09-17T15:45:34.115310Z,gov-tha,gov_thailand_analyst|public,(ANY),Tables,js_financial_ice.gov_demo.customer_transactions.mobile_number,COLUMN_MASK,20260917_154534_01575_ueuue
2026-09-17T15:45:34.115301Z,gov-tha,gov_thailand_analyst|public,(ANY),Tables,js_financial_ice.gov_demo.customer_transactions.national_id,COLUMN_MASK,20260917_154534_01575_ueuue
2026-09-17T15:45:34.115280Z,gov-tha,gov_thailand_analyst|public,(ANY),Tables,js_financial_ice.gov_demo.customer_transactions.customer_name,COLUMN_MASK,20260917_154534_01575_ueuue
2026-09-17T15:45:34.109736Z,gov-tha,gov_thailand_analyst|public,EXECUTE,Queries,,ALLOW,20260917_154534_01575_ueuue
2026-09-17T15:45:34.061985Z,gov-tha,gov_thailand_analyst|public,EXECUTE,Queries,,ALLOW,20260917_154534_01574_ueuue
2026-09-17T15:45:34.017529Z,gov-tha,gov_thailand_analyst|public,EXECUTE,Queries,,ALLOW,20260917_154534_01573_ueuue
2026-09-17T15:45:33.907002Z,gov-tha,gov_thailand_analyst|public,(ANY),Tables,js_financial_ice.gov_demo.customer_transactions.*,ROW_FILTER,20260917_154533_01572_ueuue
2026-09-17T15:45:33.903790Z,gov-tha,gov_thailand_analyst|public,SELECT,Tables,"js_financial_ice.gov_demo.customer_transactions.[country_code,event_timestamp,channel,transaction_id,transaction_status,amount,national_id,fraud_type,email,c...",ALLOW,20260917_154533_01572_ueuue
2026-09-17T15:45:33.902790Z,gov-tha,gov_thailand_analyst|public,(ANY),Tables,js_financial_ice.gov_demo.customer_transactions.account_id,COLUMN_MASK,20260917_154533_01572_ueuue
2026-09-17T15:45:33.902778Z,gov-tha,gov_thailand_analyst|public,(ANY),Tables,js_financial_ice.gov_demo.customer_transactions.email,COLUMN_MASK,20260917_154533_01572_ueuue
2026-09-17T15:45:33.902765Z,gov-tha,gov_thailand_analyst|public,(ANY),Tables,js_financial_ice.gov_demo.customer_transactions.mobile_number,COLUMN_MASK,20260917_154533_01572_ueuue
2026-09-17T15:45:33.902748Z,gov-tha,gov_thailand_analyst|public,(ANY),Tables,js_financial_ice.gov_demo.customer_transactions.national_id,COLUMN_MASK,20260917_154533_01572_ueuue
2026-09-17T15:45:33.902719Z,gov-tha,gov_thailand_analyst|public,(ANY),Tables,js_financial_ice.gov_demo.customer_transactions.customer_name,COLUMN_MASK,20260917_154533_01572_ueuue
2026-09-17T15:45:33.896716Z,gov-tha,gov_thailand_analyst|public,EXECUTE,Queries,,ALLOW,20260917_154533_01572_ueuue
2026-09-17T15:45:33.849992Z,gov-tha,gov_thailand_analyst|public,EXECUTE,Queries,,ALLOW,20260917_154533_01571_ueuue
2026-09-17T15:45:33.807584Z,gov-tha,gov_thailand_analyst|public,EXECUTE,Queries,,ALLOW,20260917_154533_01570_ueuue
2026-09-17T15:45:33.674251Z,gov-tha,gov_thailand_analyst|public,(ANY),Tables,js_financial_ice.gov_demo.customer_transactions.*,ROW_FILTER,20260917_154533_01569_ueuue
2026-09-17T15:45:33.672203Z,gov-tha,gov_thailand_analyst|public,SELECT,Tables,"js_financial_ice.gov_demo.customer_transactions.[account_id,country_code,customer_name,mobile_number,national_id,email]",ALLOW,20260917_154533_01569_ueuue
2026-09-17T15:45:33.671494Z,gov-tha,gov_thailand_analyst|public,(ANY),Tables,js_financial_ice.gov_demo.customer_transactions.account_id,COLUMN_MASK,20260917_154533_01569_ueuue
2026-09-17T15:45:33.671487Z,gov-tha,gov_thailand_analyst|public,(ANY),Tables,js_financial_ice.gov_demo.customer_transactions.email,COLUMN_MASK,20260917_154533_01569_ueuue
2026-09-17T15:45:33.671480Z,gov-tha,gov_thailand_analyst|public,(ANY),Tables,js_financial_ice.gov_demo.customer_transactions.mobile_number,COLUMN_MASK,20260917_154533_01569_ueuue
2026-09-17T15:45:33.671471Z,gov-tha,gov_thailand_analyst|public,(ANY),Tables,js_financial_ice.gov_demo.customer_transactions.national_id,COLUMN_MASK,20260917_154533_01569_ueuue
2026-09-17T15:45:33.671450Z,gov-tha,gov_thailand_analyst|public,(ANY),Tables,js_financial_ice.gov_demo.customer_transactions.customer_name,COLUMN_MASK,20260917_154533_01569_ueuue
2026-09-17T15:45:33.664042Z,gov-tha,gov_thailand_analyst|public,EXECUTE,Queries,,ALLOW,20260917_154533_01569_ueuue
2026-09-17T15:45:33.612462Z,gov-tha,gov_thailand_analyst|public,EXECUTE,Queries,,ALLOW,20260917_154533_01568_ueuue
2026-09-17T15:45:33.570030Z,gov-tha,gov_thailand_analyst|public,EXECUTE,Queries,,ALLOW,20260917_154533_01567_ueuue
2026-09-17T15:45:33.483115Z,gov-tha,gov_thailand_analyst|public,(ANY),Tables,js_financial_ice.gov_demo.customer_transactions.*,ROW_FILTER,20260917_154533_01566_ueuue
2026-09-17T15:45:33.479092Z,gov-tha,gov_thailand_analyst|public,SELECT,Tables,"js_financial_ice.gov_demo.customer_transactions.[account_id,country_code,customer_name,mobile_number,national_id,email]",ALLOW,20260917_154533_01566_ueuue
2026-09-17T15:45:33.477863Z,gov-tha,gov_thailand_analyst|public,(ANY),Tables,js_financial_ice.gov_demo.customer_transactions.account_id,COLUMN_MASK,20260917_154533_01566_ueuue
2026-09-17T15:45:33.477847Z,gov-tha,gov_thailand_analyst|public,(ANY),Tables,js_financial_ice.gov_demo.customer_transactions.email,COLUMN_MASK,20260917_154533_01566_ueuue
2026-09-17T15:45:33.477831Z,gov-tha,gov_thailand_analyst|public,(ANY),Tables,js_financial_ice.gov_demo.customer_transactions.mobile_number,COLUMN_MASK,20260917_154533_01566_ueuue
2026-09-17T15:45:33.477812Z,gov-tha,gov_thailand_analyst|public,(ANY),Tables,js_financial_ice.gov_demo.customer_transactions.national_id,COLUMN_MASK,20260917_154533_01566_ueuue
2026-09-17T15:45:33.477777Z,gov-tha,gov_thailand_analyst|public,(ANY),Tables,js_financial_ice.gov_demo.customer_transactions.customer_name,COLUMN_MASK,20260917_154533_01566_ueuue
2026-09-17T15:45:33.471097Z,gov-tha,gov_thailand_analyst|public,EXECUTE,Queries,,ALLOW,20260917_154533_01566_ueuue
2026-09-17T15:45:33.426622Z,gov-tha,gov_thailand_analyst|public,EXECUTE,Queries,,ALLOW,20260917_154533_01565_ueuue
2026-09-17T15:45:33.385666Z,gov-tha,gov_thailand_analyst|public,EXECUTE,Queries,,ALLOW,20260917_154533_01564_ueuue
2026-09-17T15:45:33.279074Z,gov-tha,gov_thailand_analyst|public,(ANY),Tables,js_financial_ice.gov_demo.customer_transactions.*,ROW_FILTER,20260917_154533_01563_ueuue
2026-09-17T15:45:33.276667Z,gov-tha,gov_thailand_analyst|public,SELECT,Tables,"js_financial_ice.gov_demo.customer_transactions.[fraud_flag,account_id,country_code,customer_name,mobile_number,investigation_status,risk_score,transaction_i...",ALLOW,20260917_154533_01563_ueuue
2026-09-17T15:45:33.275779Z,gov-tha,gov_thailand_analyst|public,(ANY),Tables,js_financial_ice.gov_demo.customer_transactions.account_id,COLUMN_MASK,20260917_154533_01563_ueuue
2026-09-17T15:45:33.275772Z,gov-tha,gov_thailand_analyst|public,(ANY),Tables,js_financial_ice.gov_demo.customer_transactions.email,COLUMN_MASK,20260917_154533_01563_ueuue
2026-09-17T15:45:33.275764Z,gov-tha,gov_thailand_analyst|public,(ANY),Tables,js_financial_ice.gov_demo.customer_transactions.mobile_number,COLUMN_MASK,20260917_154533_01563_ueuue
2026-09-17T15:45:33.275754Z,gov-tha,gov_thailand_analyst|public,(ANY),Tables,js_financial_ice.gov_demo.customer_transactions.national_id,COLUMN_MASK,20260917_154533_01563_ueuue
2026-09-17T15:45:33.275733Z,gov-tha,gov_thailand_analyst|public,(ANY),Tables,js_financial_ice.gov_demo.customer_transactions.customer_name,COLUMN_MASK,20260917_154533_01563_ueuue
2026-09-17T15:45:33.270336Z,gov-tha,gov_thailand_analyst|public,EXECUTE,Queries,,ALLOW,20260917_154533_01563_ueuue
2026-09-17T15:45:33.223256Z,gov-tha,gov_thailand_analyst|public,EXECUTE,Queries,,ALLOW,20260917_154533_01562_ueuue
2026-09-17T15:45:33.179555Z,gov-tha,gov_thailand_analyst|public,EXECUTE,Queries,,ALLOW,20260917_154533_01561_ueuue
2026-09-17T15:45:33.102203Z,gov-biz,gov_business_analyst|public,SELECT,Tables,"js_financial_ice.gov_demo.customer_transactions.[investigation_status,fraud_type]",DENY,20260917_154533_01560_ueuue
2026-09-17T15:45:33.096741Z,gov-biz,gov_business_analyst|public,EXECUTE,Queries,,ALLOW,20260917_154533_01560_ueuue
2026-09-17T15:45:33.052362Z,gov-biz,gov_business_analyst|public,EXECUTE,Queries,,ALLOW,20260917_154533_01559_ueuue
2026-09-17T15:45:33.006740Z,gov-biz,gov_business_analyst|public,EXECUTE,Queries,,ALLOW,20260917_154533_01558_ueuue
2026-09-17T15:45:32.927420Z,gov-biz,gov_business_analyst|public,SELECT,Tables,js_financial_ice.gov_demo.customer_transactions.national_id,DENY,20260917_154532_01557_ueuue
2026-09-17T15:45:32.920617Z,gov-biz,gov_business_analyst|public,EXECUTE,Queries,,ALLOW,20260917_154532_01557_ueuue
2026-09-17T15:45:32.876564Z,gov-biz,gov_business_analyst|public,EXECUTE,Queries,,ALLOW,20260917_154532_01556_ueuue
2026-09-17T15:45:32.834881Z,gov-biz,gov_business_analyst|public,EXECUTE,Queries,,ALLOW,20260917_154532_01555_ueuue
2026-09-17T15:45:32.748259Z,gov-biz,gov_business_analyst|public,SELECT,Tables,js_financial_ice.gov_demo.customer_transactions.*,DENY,20260917_154532_01554_ueuue
2026-09-17T15:45:32.741390Z,gov-biz,gov_business_analyst|public,EXECUTE,Queries,,ALLOW,20260917_154532_01554_ueuue
2026-09-17T15:45:32.694583Z,gov-biz,gov_business_analyst|public,EXECUTE,Queries,,ALLOW,20260917_154532_01553_ueuue
2026-09-17T15:45:32.651225Z,gov-biz,gov_business_analyst|public,EXECUTE,Queries,,ALLOW,20260917_154532_01552_ueuue
2026-09-17T15:45:32.553925Z,gov-biz,gov_business_analyst|public,SHOW,Tables,js_financial_ice.gov_demo.payment_business_summary.*,ALLOW,20260917_154532_01551_ueuue
2026-09-17T15:45:32.544208Z,gov-biz,gov_business_analyst|public,EXECUTE,Queries,,ALLOW,20260917_154532_01551_ueuue
2026-09-17T15:45:32.498723Z,gov-biz,gov_business_analyst|public,EXECUTE,Queries,,ALLOW,20260917_154532_01550_ueuue
2026-09-17T15:45:32.454408Z,gov-biz,gov_business_analyst|public,EXECUTE,Queries,,ALLOW,20260917_154532_01549_ueuue
2026-09-17T15:45:32.330326Z,jirawut,jirawut_demo|public|pystarburst,SELECT,Tables,"js_financial_ice.gov_demo.customer_transactions.[fraud_flag,country_code,event_timestamp,channel,risk_score,transaction_status,merchant_category,amount]",ALLOW,20260917_154532_01548_ueuue
2026-09-17T15:45:32.330201Z,gov-biz,gov_business_analyst|public,SELECT,Tables,js_financial_ice.gov_demo.payment_business_summary.*,ALLOW,20260917_154532_01548_ueuue
2026-09-17T15:45:32.315908Z,gov-biz,gov_business_analyst|public,EXECUTE,Queries,,ALLOW,20260917_154532_01548_ueuue
2026-09-17T15:45:32.270705Z,gov-biz,gov_business_analyst|public,EXECUTE,Queries,,ALLOW,20260917_154532_01547_ueuue
2026-09-17T15:45:32.227761Z,gov-biz,gov_business_analyst|public,EXECUTE,Queries,,ALLOW,20260917_154532_01546_ueuue
2026-09-17T15:45:32.148949Z,gov-fraud,gov_fraud_analyst|public,CREATE,Tables,js_financial_ice.gov_demo.v_bypass.*,DENY,20260917_154532_01545_ueuue
2026-09-17T15:45:32.147767Z,gov-fraud,gov_fraud_analyst|public,EXECUTE,Queries,,ALLOW,20260917_154532_01545_ueuue
2026-09-17T15:45:32.089128Z,gov-fraud,gov_fraud_analyst|public,EXECUTE,Queries,,ALLOW,20260917_154532_01544_ueuue
2026-09-17T15:45:32.034236Z,gov-fraud,gov_fraud_analyst|public,EXECUTE,Queries,,ALLOW,20260917_154532_01543_ueuue
2026-09-17T15:45:31.943669Z,gov-fraud,gov_fraud_analyst|public,CREATE,Roles,All roles,DENY,20260917_154531_01542_ueuue
2026-09-17T15:45:31.943289Z,gov-fraud,gov_fraud_analyst|public,EXECUTE,Queries,,ALLOW,20260917_154531_01542_ueuue
2026-09-17T15:45:31.897048Z,gov-fraud,gov_fraud_analyst|public,EXECUTE,Queries,,ALLOW,20260917_154531_01541_ueuue
2026-09-17T15:45:31.854083Z,gov-fraud,gov_fraud_analyst|public,EXECUTE,Queries,,ALLOW,20260917_154531_01540_ueuue
2026-09-17T15:45:31.771605Z,gov-fraud,gov_fraud_analyst|public,CREATE,Tables,js_financial_ice.gov_demo.evil.*,DENY,20260917_154531_01539_ueuue
2026-09-17T15:45:31.767087Z,gov-fraud,gov_fraud_analyst|public,EXECUTE,Queries,,ALLOW,20260917_154531_01539_ueuue
2026-09-17T15:45:31.721269Z,gov-fraud,gov_fraud_analyst|public,EXECUTE,Queries,,ALLOW,20260917_154531_01538_ueuue
2026-09-17T15:45:31.671413Z,gov-fraud,gov_fraud_analyst|public,EXECUTE,Queries,,ALLOW,20260917_154531_01537_ueuue
2026-09-17T15:45:31.591029Z,gov-fraud,gov_fraud_analyst|public,INSERT,Tables,js_financial_ice.gov_demo.customer_transactions.*,DENY,20260917_154531_01536_ueuue
2026-09-17T15:45:31.586062Z,gov-fraud,gov_fraud_analyst|public,EXECUTE,Queries,,ALLOW,20260917_154531_01536_ueuue
2026-09-17T15:45:31.541133Z,gov-fraud,gov_fraud_analyst|public,EXECUTE,Queries,,ALLOW,20260917_154531_01535_ueuue
2026-09-17T15:45:31.494995Z,gov-fraud,gov_fraud_analyst|public,EXECUTE,Queries,,ALLOW,20260917_154531_01534_ueuue
2026-09-17T15:45:31.385617Z,gov-fraud,gov_fraud_analyst|public,(ANY),Tables,js_financial_ice.gov_demo.customer_transactions.*,ROW_FILTER,20260917_154531_01533_ueuue
2026-09-17T15:45:31.381534Z,gov-fraud,gov_fraud_analyst|public,SELECT,Tables,"js_financial_ice.gov_demo.customer_transactions.[fraud_flag,account_id,country_code,customer_name,mobile_number,investigation_status,risk_score,transaction_i...",ALLOW,20260917_154531_01533_ueuue
2026-09-17T15:45:31.380585Z,gov-fraud,gov_fraud_analyst|public,(ANY),Tables,js_financial_ice.gov_demo.customer_transactions.customer_name,COLUMN_MASK,20260917_154531_01533_ueuue
2026-09-17T15:45:31.380578Z,gov-fraud,gov_fraud_analyst|public,(ANY),Tables,js_financial_ice.gov_demo.customer_transactions.email,COLUMN_MASK,20260917_154531_01533_ueuue
2026-09-17T15:45:31.380568Z,gov-fraud,gov_fraud_analyst|public,(ANY),Tables,js_financial_ice.gov_demo.customer_transactions.mobile_number,COLUMN_MASK,20260917_154531_01533_ueuue
2026-09-17T15:45:31.380546Z,gov-fraud,gov_fraud_analyst|public,(ANY),Tables,js_financial_ice.gov_demo.customer_transactions.national_id,COLUMN_MASK,20260917_154531_01533_ueuue
2026-09-17T15:45:31.375303Z,gov-fraud,gov_fraud_analyst|public,EXECUTE,Queries,,ALLOW,20260917_154531_01533_ueuue
2026-09-17T15:45:31.325666Z,gov-fraud,gov_fraud_analyst|public,EXECUTE,Queries,,ALLOW,20260917_154531_01532_ueuue
2026-09-17T15:45:31.276960Z,gov-fraud,gov_fraud_analyst|public,EXECUTE,Queries,,ALLOW,20260917_154531_01531_ueuue
2026-09-17T15:45:31.153071Z,gov-fraud,gov_fraud_analyst|public,(ANY),Tables,js_financial_ice.gov_demo.customer_transactions.*,ROW_FILTER,20260917_154531_01530_ueuue
2026-09-17T15:45:31.148390Z,gov-fraud,gov_fraud_analyst|public,SELECT,Tables,"js_financial_ice.gov_demo.customer_transactions.[fraud_flag,customer_name,mobile_number,risk_score,national_id,email]",ALLOW,20260917_154531_01530_ueuue
2026-09-17T15:45:31.146991Z,gov-fraud,gov_fraud_analyst|public,(ANY),Tables,js_financial_ice.gov_demo.customer_transactions.customer_name,COLUMN_MASK,20260917_154531_01530_ueuue
2026-09-17T15:45:31.146984Z,gov-fraud,gov_fraud_analyst|public,(ANY),Tables,js_financial_ice.gov_demo.customer_transactions.email,COLUMN_MASK,20260917_154531_01530_ueuue
2026-09-17T15:45:31.146972Z,gov-fraud,gov_fraud_analyst|public,(ANY),Tables,js_financial_ice.gov_demo.customer_transactions.mobile_number,COLUMN_MASK,20260917_154531_01530_ueuue
2026-09-17T15:45:31.146930Z,gov-fraud,gov_fraud_analyst|public,(ANY),Tables,js_financial_ice.gov_demo.customer_transactions.national_id,COLUMN_MASK,20260917_154531_01530_ueuue
2026-09-17T15:45:31.138631Z,gov-fraud,gov_fraud_analyst|public,EXECUTE,Queries,,ALLOW,20260917_154531_01530_ueuue
2026-09-17T15:45:31.082955Z,gov-fraud,gov_fraud_analyst|public,EXECUTE,Queries,,ALLOW,20260917_154531_01529_ueuue
2026-09-17T15:45:31.017886Z,gov-fraud,gov_fraud_analyst|public,EXECUTE,Queries,,ALLOW,20260917_154531_01528_ueuue
2026-09-17T15:45:30.910482Z,gov-fraud,gov_fraud_analyst|public,(ANY),Tables,js_financial_ice.gov_demo.customer_transactions.*,ROW_FILTER,20260917_154530_01527_ueuue
2026-09-17T15:45:30.905448Z,gov-fraud,gov_fraud_analyst|public,SELECT,Tables,"js_financial_ice.gov_demo.customer_transactions.[fraud_flag,account_id,country_code,customer_name,mobile_number,investigation_status,risk_score,transaction_i...",ALLOW,20260917_154530_01527_ueuue
2026-09-17T15:45:30.903898Z,gov-fraud,gov_fraud_analyst|public,(ANY),Tables,js_financial_ice.gov_demo.customer_transactions.customer_name,COLUMN_MASK,20260917_154530_01527_ueuue
2026-09-17T15:45:30.903890Z,gov-fraud,gov_fraud_analyst|public,(ANY),Tables,js_financial_ice.gov_demo.customer_transactions.email,COLUMN_MASK,20260917_154530_01527_ueuue
2026-09-17T15:45:30.903878Z,gov-fraud,gov_fraud_analyst|public,(ANY),Tables,js_financial_ice.gov_demo.customer_transactions.mobile_number,COLUMN_MASK,20260917_154530_01527_ueuue
2026-09-17T15:45:30.903838Z,gov-fraud,gov_fraud_analyst|public,(ANY),Tables,js_financial_ice.gov_demo.customer_transactions.national_id,COLUMN_MASK,20260917_154530_01527_ueuue
2026-09-17T15:45:30.893853Z,gov-fraud,gov_fraud_analyst|public,EXECUTE,Queries,,ALLOW,20260917_154530_01527_ueuue
2026-09-17T15:45:30.840770Z,gov-fraud,gov_fraud_analyst|public,EXECUTE,Queries,,ALLOW,20260917_154530_01526_ueuue
2026-09-17T15:45:30.795303Z,gov-fraud,gov_fraud_analyst|public,EXECUTE,Queries,,ALLOW,20260917_154530_01525_ueuue
2026-09-17T15:45:30.679938Z,gov-fraud,gov_fraud_analyst|public,(ANY),Tables,js_financial_ice.gov_demo.customer_transactions.*,ROW_FILTER,20260917_154530_01524_ueuue
2026-09-17T15:45:30.674681Z,gov-fraud,gov_fraud_analyst|public,SELECT,Tables,"js_financial_ice.gov_demo.customer_transactions.[fraud_flag,customer_name,mobile_number,risk_score,national_id,email]",ALLOW,20260917_154530_01524_ueuue
2026-09-17T15:45:30.673079Z,gov-fraud,gov_fraud_analyst|public,(ANY),Tables,js_financial_ice.gov_demo.customer_transactions.customer_name,COLUMN_MASK,20260917_154530_01524_ueuue
2026-09-17T15:45:30.673067Z,gov-fraud,gov_fraud_analyst|public,(ANY),Tables,js_financial_ice.gov_demo.customer_transactions.email,COLUMN_MASK,20260917_154530_01524_ueuue
2026-09-17T15:45:30.673050Z,gov-fraud,gov_fraud_analyst|public,(ANY),Tables,js_financial_ice.gov_demo.customer_transactions.mobile_number,COLUMN_MASK,20260917_154530_01524_ueuue
2026-09-17T15:45:30.673021Z,gov-fraud,gov_fraud_analyst|public,(ANY),Tables,js_financial_ice.gov_demo.customer_transactions.national_id,COLUMN_MASK,20260917_154530_01524_ueuue
2026-09-17T15:45:30.666514Z,gov-fraud,gov_fraud_analyst|public,EXECUTE,Queries,,ALLOW,20260917_154530_01524_ueuue
2026-09-17T15:45:30.622340Z,gov-fraud,gov_fraud_analyst|public,EXECUTE,Queries,,ALLOW,20260917_154530_01523_ueuue
2026-09-17T15:45:30.579074Z,gov-fraud,gov_fraud_analyst|public,EXECUTE,Queries,,ALLOW,20260917_154530_01522_ueuue
2026-09-17T15:45:30.448201Z,gov-admin,gov_data_admin|public,SHOW,Roles,All roles,ALLOW,20260917_154530_01521_ueuue
2026-09-17T15:45:30.447923Z,gov-admin,gov_data_admin|public,EXECUTE,Queries,,ALLOW,20260917_154530_01521_ueuue
2026-09-17T15:45:30.399124Z,gov-admin,gov_data_admin|public,EXECUTE,Queries,,ALLOW,20260917_154530_01520_ueuue
2026-09-17T15:45:30.355228Z,gov-admin,gov_data_admin|public,EXECUTE,Queries,,ALLOW,20260917_154530_01519_ueuue
2026-09-17T15:45:30.260857Z,gov-admin,gov_data_admin|public,SELECT,Tables,"js_financial_ice.gov_demo.customer_transactions.[fraud_flag,investigation_status,fraud_type]",ALLOW,20260917_154530_01518_ueuue
2026-09-17T15:45:30.247102Z,gov-admin,gov_data_admin|public,EXECUTE,Queries,,ALLOW,20260917_154530_01518_ueuue
2026-09-17T15:45:30.201023Z,gov-admin,gov_data_admin|public,EXECUTE,Queries,,ALLOW,20260917_154530_01517_ueuue
2026-09-17T15:45:30.155100Z,gov-admin,gov_data_admin|public,EXECUTE,Queries,,ALLOW,20260917_154530_01516_ueuue
2026-09-17T15:45:30.054990Z,gov-admin,gov_data_admin|public,SELECT,Tables,"js_financial_ice.gov_demo.customer_transactions.[fraud_flag,account_id,country_code,customer_name,mobile_number,investigation_status,risk_score,transaction_i...",ALLOW,20260917_154530_01515_ueuue
2026-09-17T15:45:30.048747Z,gov-admin,gov_data_admin|public,EXECUTE,Queries,,ALLOW,20260917_154530_01515_ueuue
2026-09-17T15:45:30.001743Z,gov-admin,gov_data_admin|public,EXECUTE,Queries,,ALLOW,20260917_154529_01514_ueuue
2026-09-17T15:45:29.958900Z,gov-admin,gov_data_admin|public,EXECUTE,Queries,,ALLOW,20260917_154529_01513_ueuue
2026-09-17T15:45:29.853960Z,gov-admin,gov_data_admin|public,SELECT,Tables,js_financial_ice.gov_demo.customer_transactions.country_code,ALLOW,20260917_154529_01512_ueuue
2026-09-17T15:45:29.848641Z,gov-admin,gov_data_admin|public,EXECUTE,Queries,,ALLOW,20260917_154529_01512_ueuue
2026-09-17T15:45:29.796384Z,gov-admin,gov_data_admin|public,EXECUTE,Queries,,ALLOW,20260917_154529_01511_ueuue
2026-09-17T15:45:29.747067Z,gov-admin,gov_data_admin|public,EXECUTE,Queries,,ALLOW,20260917_154529_01510_ueuue
2026-09-17T15:45:29.650788Z,gov-admin,gov_data_admin|public,SELECT,Tables,js_financial_ice.gov_demo.customer_transactions.*,ALLOW,20260917_154529_01509_ueuue
2026-09-17T15:45:29.640318Z,gov-admin,gov_data_admin|public,EXECUTE,Queries,,ALLOW,20260917_154529_01509_ueuue
2026-09-17T15:45:29.596383Z,gov-admin,gov_data_admin|public,EXECUTE,Queries,,ALLOW,20260917_154529_01508_ueuue
2026-09-17T15:45:29.554020Z,gov-admin,gov_data_admin|public,EXECUTE,Queries,,ALLOW,20260917_154529_01507_ueuue
2026-09-17T15:45:29.468048Z,gov-audit,gov_auditor|public,EXECUTE,Queries,,ALLOW,20260917_154529_01506_ueuue
2026-09-17T15:45:29.420804Z,gov-audit,gov_auditor|public,EXECUTE,Queries,,ALLOW,20260917_154529_01505_ueuue
2026-09-17T15:45:29.379279Z,gov-audit,gov_auditor|public,EXECUTE,Queries,,ALLOW,20260917_154529_01504_ueuue
2026-09-17T15:45:29.293493Z,gov-tha,gov_thailand_analyst|public,EXECUTE,Queries,,ALLOW,20260917_154529_01503_ueuue
2026-09-17T15:45:29.235005Z,gov-tha,gov_thailand_analyst|public,EXECUTE,Queries,,ALLOW,20260917_154529_01502_ueuue
2026-09-17T15:45:29.191414Z,gov-tha,gov_thailand_analyst|public,EXECUTE,Queries,,ALLOW,20260917_154529_01501_ueuue
2026-09-17T15:45:29.102411Z,gov-biz,gov_business_analyst|public,EXECUTE,Queries,,ALLOW,20260917_154529_01500_ueuue
2026-09-17T15:45:29.055098Z,gov-biz,gov_business_analyst|public,EXECUTE,Queries,,ALLOW,20260917_154529_01499_ueuue
2026-09-17T15:45:29.012747Z,gov-biz,gov_business_analyst|public,EXECUTE,Queries,,ALLOW,20260917_154529_01498_ueuue
2026-09-17T15:45:28.924150Z,gov-fraud,gov_fraud_analyst|public,EXECUTE,Queries,,ALLOW,20260917_154528_01497_ueuue
2026-09-17T15:45:28.875139Z,gov-fraud,gov_fraud_analyst|public,EXECUTE,Queries,,ALLOW,20260917_154528_01496_ueuue
2026-09-17T15:45:28.823092Z,gov-fraud,gov_fraud_analyst|public,EXECUTE,Queries,,ALLOW,20260917_154528_01495_ueuue
2026-09-17T15:45:28.724842Z,gov-admin,gov_data_admin|public,EXECUTE,Queries,,ALLOW,20260917_154528_01494_ueuue
2026-09-17T15:45:28.674162Z,gov-admin,gov_data_admin|public,EXECUTE,Queries,,ALLOW,20260917_154528_01493_ueuue
2026-09-17T15:45:28.620272Z,gov-admin,gov_data_admin|public,EXECUTE,Queries,,ALLOW,20260917_154528_01492_ueuue
2026-09-17T15:45:12.547149Z,gov-biz,gov_business_analyst|public,SHOW,Tables,js_financial_ice.gov_demo.payment_business_summary.*,ALLOW,20260917_154512_01491_ueuue
2026-09-17T15:45:12.541234Z,gov-biz,gov_business_analyst|public,EXECUTE,Queries,,ALLOW,20260917_154512_01491_ueuue
2026-09-17T15:45:12.425918Z,gov-admin,gov_data_admin|public,SELECT,Tables,"js_financial_ice.gov_demo.customer_transactions.[customer_name,email]",ALLOW,20260917_154512_01490_ueuue
2026-09-17T15:45:12.417080Z,gov-admin,gov_data_admin|public,EXECUTE,Queries,,ALLOW,20260917_154512_01490_ueuue
2026-09-17T15:45:12.265281Z,gov-fraud,gov_fraud_analyst|public,(ANY),Tables,js_financial_ice.gov_demo.customer_transactions.*,ROW_FILTER,20260917_154512_01489_ueuue
2026-09-17T15:45:12.260008Z,gov-fraud,gov_fraud_analyst|public,SELECT,Tables,"js_financial_ice.gov_demo.customer_transactions.[fraud_flag,customer_name,mobile_number,risk_score,national_id,email]",ALLOW,20260917_154512_01489_ueuue
2026-09-17T15:45:12.258646Z,gov-fraud,gov_fraud_analyst|public,(ANY),Tables,js_financial_ice.gov_demo.customer_transactions.customer_name,COLUMN_MASK,20260917_154512_01489_ueuue
2026-09-17T15:45:12.258638Z,gov-fraud,gov_fraud_analyst|public,(ANY),Tables,js_financial_ice.gov_demo.customer_transactions.email,COLUMN_MASK,20260917_154512_01489_ueuue
2026-09-17T15:45:12.258621Z,gov-fraud,gov_fraud_analyst|public,(ANY),Tables,js_financial_ice.gov_demo.customer_transactions.mobile_number,COLUMN_MASK,20260917_154512_01489_ueuue
2026-09-17T15:45:12.258574Z,gov-fraud,gov_fraud_analyst|public,(ANY),Tables,js_financial_ice.gov_demo.customer_transactions.national_id,COLUMN_MASK,20260917_154512_01489_ueuue
2026-09-17T15:45:12.241825Z,gov-fraud,gov_fraud_analyst|public,EXECUTE,Queries,,ALLOW,20260917_154512_01489_ueuue
2026-09-17T15:45:03.548569Z,gov-audit,gov_auditor|public,SHOW,Roles,All roles,ALLOW,20260917_154503_01488_ueuue
2026-09-17T15:45:03.548245Z,gov-audit,gov_auditor|public,EXECUTE,Queries,,ALLOW,20260917_154503_01488_ueuue
2026-09-17T15:45:03.502608Z,gov-audit,gov_auditor|public,EXECUTE,Queries,,ALLOW,20260917_154503_01487_ueuue
2026-09-17T15:45:03.456783Z,gov-audit,gov_auditor|public,EXECUTE,Queries,,ALLOW,20260917_154503_01486_ueuue
2026-09-17T15:45:03.367184Z,gov-audit,gov_auditor|public,INSERT,Tables,js_financial_ice.gov_demo.customer_transactions.*,DENY,20260917_154503_01485_ueuue
2026-09-17T15:45:03.361881Z,gov-audit,gov_auditor|public,EXECUTE,Queries,,ALLOW,20260917_154503_01485_ueuue
2026-09-17T15:45:03.308129Z,gov-audit,gov_auditor|public,EXECUTE,Queries,,ALLOW,20260917_154503_01484_ueuue
2026-09-17T15:45:03.265332Z,gov-audit,gov_auditor|public,EXECUTE,Queries,,ALLOW,20260917_154503_01483_ueuue
2026-09-17T15:45:03.186949Z,gov-audit,gov_auditor|public,SELECT,Tables,js_financial_ice.gov_demo.customer_transactions.national_id,DENY,20260917_154503_01482_ueuue
2026-09-17T15:45:03.178107Z,gov-audit,gov_auditor|public,EXECUTE,Queries,,ALLOW,20260917_154503_01482_ueuue
2026-09-17T15:45:03.075816Z,gov-audit,gov_auditor|public,EXECUTE,Queries,,ALLOW,20260917_154503_01481_ueuue
2026-09-17T15:45:03.033336Z,gov-audit,gov_auditor|public,EXECUTE,Queries,,ALLOW,20260917_154503_01480_ueuue
2026-09-17T15:45:02.915991Z,gov-audit,gov_auditor|public,SELECT,Tables,js_financial_ice.gov_demo.customer_transactions.*,DENY,20260917_154502_01479_ueuue
2026-09-17T15:45:02.906992Z,gov-audit,gov_auditor|public,EXECUTE,Queries,,ALLOW,20260917_154502_01479_ueuue
2026-09-17T15:45:02.854562Z,gov-audit,gov_auditor|public,EXECUTE,Queries,,ALLOW,20260917_154502_01478_ueuue
2026-09-17T15:45:02.806567Z,gov-audit,gov_auditor|public,EXECUTE,Queries,,ALLOW,20260917_154502_01477_ueuue
2026-09-17T15:45:02.694005Z,gov-audit,gov_auditor|public,SHOW,Tables,js_financial_ice.gov_demo.*,ALLOW,20260917_154502_01476_ueuue
2026-09-17T15:45:02.693495Z,gov-audit,gov_auditor|public,EXECUTE,Queries,,ALLOW,20260917_154502_01476_ueuue
2026-09-17T15:45:02.634544Z,gov-audit,gov_auditor|public,EXECUTE,Queries,,ALLOW,20260917_154502_01475_ueuue
2026-09-17T15:45:02.590617Z,gov-audit,gov_auditor|public,EXECUTE,Queries,,ALLOW,20260917_154502_01474_ueuue
2026-09-17T15:45:02.512539Z,gov-tha,gov_thailand_analyst|public,DELETE,Tables,js_financial_ice.gov_demo.customer_transactions.*,DENY,20260917_154502_01473_ueuue
2026-09-17T15:45:02.507702Z,gov-tha,gov_thailand_analyst|public,EXECUTE,Queries,,ALLOW,20260917_154502_01473_ueuue
2026-09-17T15:45:02.462604Z,gov-tha,gov_thailand_analyst|public,EXECUTE,Queries,,ALLOW,20260917_154502_01472_ueuue
2026-09-17T15:45:02.419182Z,gov-tha,gov_thailand_analyst|public,EXECUTE,Queries,,ALLOW,20260917_154502_01471_ueuue
2026-09-17T15:45:02.301877Z,gov-tha,gov_thailand_analyst|public,(ANY),Tables,js_financial_ice.gov_demo.customer_transactions.*,ROW_FILTER,20260917_154502_01470_ueuue
2026-09-17T15:45:02.299613Z,gov-tha,gov_thailand_analyst|public,SELECT,Tables,"js_financial_ice.gov_demo.customer_transactions.[fraud_flag,account_id,country_code,customer_name,mobile_number,investigation_status,risk_score,transaction_i...",ALLOW,20260917_154502_01470_ueuue
2026-09-17T15:45:02.298861Z,gov-tha,gov_thailand_analyst|public,(ANY),Tables,js_financial_ice.gov_demo.customer_transactions.account_id,COLUMN_MASK,20260917_154502_01470_ueuue
2026-09-17T15:45:02.298854Z,gov-tha,gov_thailand_analyst|public,(ANY),Tables,js_financial_ice.gov_demo.customer_transactions.email,COLUMN_MASK,20260917_154502_01470_ueuue
2026-09-17T15:45:02.298847Z,gov-tha,gov_thailand_analyst|public,(ANY),Tables,js_financial_ice.gov_demo.customer_transactions.mobile_number,COLUMN_MASK,20260917_154502_01470_ueuue
2026-09-17T15:45:02.298836Z,gov-tha,gov_thailand_analyst|public,(ANY),Tables,js_financial_ice.gov_demo.customer_transactions.national_id,COLUMN_MASK,20260917_154502_01470_ueuue
2026-09-17T15:45:02.298812Z,gov-tha,gov_thailand_analyst|public,(ANY),Tables,js_financial_ice.gov_demo.customer_transactions.customer_name,COLUMN_MASK,20260917_154502_01470_ueuue
2026-09-17T15:45:02.292538Z,gov-tha,gov_thailand_analyst|public,EXECUTE,Queries,,ALLOW,20260917_154502_01470_ueuue
2026-09-17T15:45:02.247520Z,gov-tha,gov_thailand_analyst|public,EXECUTE,Queries,,ALLOW,20260917_154502_01469_ueuue
2026-09-17T15:45:02.204746Z,gov-tha,gov_thailand_analyst|public,EXECUTE,Queries,,ALLOW,20260917_154502_01468_ueuue
2026-09-17T15:45:02.057931Z,gov-tha,gov_thailand_analyst|public,(ANY),Tables,js_financial_ice.gov_demo.customer_transactions.*,ROW_FILTER,20260917_154502_01467_ueuue
2026-09-17T15:45:02.055278Z,gov-tha,gov_thailand_analyst|public,SELECT,Tables,"js_financial_ice.gov_demo.customer_transactions.[account_id,country_code,customer_name,mobile_number,transaction_id,national_id,email]",ALLOW,20260917_154502_01467_ueuue
2026-09-17T15:45:02.054266Z,gov-tha,gov_thailand_analyst|public,(ANY),Tables,js_financial_ice.gov_demo.customer_transactions.account_id,COLUMN_MASK,20260917_154502_01467_ueuue
2026-09-17T15:45:02.054258Z,gov-tha,gov_thailand_analyst|public,(ANY),Tables,js_financial_ice.gov_demo.customer_transactions.email,COLUMN_MASK,20260917_154502_01467_ueuue
2026-09-17T15:45:02.054250Z,gov-tha,gov_thailand_analyst|public,(ANY),Tables,js_financial_ice.gov_demo.customer_transactions.mobile_number,COLUMN_MASK,20260917_154502_01467_ueuue
2026-09-17T15:45:02.054238Z,gov-tha,gov_thailand_analyst|public,(ANY),Tables,js_financial_ice.gov_demo.customer_transactions.national_id,COLUMN_MASK,20260917_154502_01467_ueuue
2026-09-17T15:45:02.054200Z,gov-tha,gov_thailand_analyst|public,(ANY),Tables,js_financial_ice.gov_demo.customer_transactions.customer_name,COLUMN_MASK,20260917_154502_01467_ueuue
2026-09-17T15:45:02.045958Z,gov-tha,gov_thailand_analyst|public,EXECUTE,Queries,,ALLOW,20260917_154502_01467_ueuue
2026-09-17T15:45:02.000610Z,gov-tha,gov_thailand_analyst|public,EXECUTE,Queries,,ALLOW,20260917_154501_01466_ueuue
2026-09-17T15:45:01.954328Z,gov-tha,gov_thailand_analyst|public,EXECUTE,Queries,,ALLOW,20260917_154501_01465_ueuue
2026-09-17T15:45:01.811513Z,gov-tha,gov_thailand_analyst|public,(ANY),Tables,js_financial_ice.gov_demo.customer_transactions.*,ROW_FILTER,20260917_154501_01464_ueuue
2026-09-17T15:45:01.808936Z,gov-tha,gov_thailand_analyst|public,SELECT,Tables,"js_financial_ice.gov_demo.customer_transactions.[account_id,country_code,customer_name,mobile_number,national_id,email]",ALLOW,20260917_154501_01464_ueuue
2026-09-17T15:45:01.808117Z,gov-tha,gov_thailand_analyst|public,(ANY),Tables,js_financial_ice.gov_demo.customer_transactions.account_id,COLUMN_MASK,20260917_154501_01464_ueuue
2026-09-17T15:45:01.808109Z,gov-tha,gov_thailand_analyst|public,(ANY),Tables,js_financial_ice.gov_demo.customer_transactions.email,COLUMN_MASK,20260917_154501_01464_ueuue
2026-09-17T15:45:01.808101Z,gov-tha,gov_thailand_analyst|public,(ANY),Tables,js_financial_ice.gov_demo.customer_transactions.mobile_number,COLUMN_MASK,20260917_154501_01464_ueuue
2026-09-17T15:45:01.808090Z,gov-tha,gov_thailand_analyst|public,(ANY),Tables,js_financial_ice.gov_demo.customer_transactions.national_id,COLUMN_MASK,20260917_154501_01464_ueuue
2026-09-17T15:45:01.808065Z,gov-tha,gov_thailand_analyst|public,(ANY),Tables,js_financial_ice.gov_demo.customer_transactions.customer_name,COLUMN_MASK,20260917_154501_01464_ueuue
2026-09-17T15:45:01.802518Z,gov-tha,gov_thailand_analyst|public,EXECUTE,Queries,,ALLOW,20260917_154501_01464_ueuue
2026-09-17T15:45:01.755198Z,gov-tha,gov_thailand_analyst|public,EXECUTE,Queries,,ALLOW,20260917_154501_01463_ueuue
2026-09-17T15:45:01.709671Z,gov-tha,gov_thailand_analyst|public,EXECUTE,Queries,,ALLOW,20260917_154501_01462_ueuue
2026-09-17T15:45:01.600493Z,gov-tha,gov_thailand_analyst|public,(ANY),Tables,js_financial_ice.gov_demo.customer_transactions.*,ROW_FILTER,20260917_154501_01461_ueuue
2026-09-17T15:45:01.597527Z,gov-tha,gov_thailand_analyst|public,SELECT,Tables,"js_financial_ice.gov_demo.customer_transactions.[country_code,event_timestamp,channel,transaction_id,transaction_status,amount,national_id,fraud_type,email,c...",ALLOW,20260917_154501_01461_ueuue
2026-09-17T15:45:01.596271Z,gov-tha,gov_thailand_analyst|public,(ANY),Tables,js_financial_ice.gov_demo.customer_transactions.account_id,COLUMN_MASK,20260917_154501_01461_ueuue
2026-09-17T15:45:01.596264Z,gov-tha,gov_thailand_analyst|public,(ANY),Tables,js_financial_ice.gov_demo.customer_transactions.email,COLUMN_MASK,20260917_154501_01461_ueuue
2026-09-17T15:45:01.596256Z,gov-tha,gov_thailand_analyst|public,(ANY),Tables,js_financial_ice.gov_demo.customer_transactions.mobile_number,COLUMN_MASK,20260917_154501_01461_ueuue
2026-09-17T15:45:01.596242Z,gov-tha,gov_thailand_analyst|public,(ANY),Tables,js_financial_ice.gov_demo.customer_transactions.national_id,COLUMN_MASK,20260917_154501_01461_ueuue
2026-09-17T15:45:01.596200Z,gov-tha,gov_thailand_analyst|public,(ANY),Tables,js_financial_ice.gov_demo.customer_transactions.customer_name,COLUMN_MASK,20260917_154501_01461_ueuue
2026-09-17T15:45:01.587110Z,gov-tha,gov_thailand_analyst|public,EXECUTE,Queries,,ALLOW,20260917_154501_01461_ueuue
2026-09-17T15:45:01.537982Z,gov-tha,gov_thailand_analyst|public,EXECUTE,Queries,,ALLOW,20260917_154501_01460_ueuue
2026-09-17T15:45:01.488275Z,gov-tha,gov_thailand_analyst|public,EXECUTE,Queries,,ALLOW,20260917_154501_01459_ueuue
2026-09-17T15:45:01.376054Z,gov-tha,gov_thailand_analyst|public,(ANY),Tables,js_financial_ice.gov_demo.customer_transactions.*,ROW_FILTER,20260917_154501_01458_ueuue
2026-09-17T15:45:01.373834Z,gov-tha,gov_thailand_analyst|public,SELECT,Tables,"js_financial_ice.gov_demo.customer_transactions.[account_id,country_code,customer_name,mobile_number,national_id,email]",ALLOW,20260917_154501_01458_ueuue
2026-09-17T15:45:01.373122Z,gov-tha,gov_thailand_analyst|public,(ANY),Tables,js_financial_ice.gov_demo.customer_transactions.account_id,COLUMN_MASK,20260917_154501_01458_ueuue
2026-09-17T15:45:01.373115Z,gov-tha,gov_thailand_analyst|public,(ANY),Tables,js_financial_ice.gov_demo.customer_transactions.email,COLUMN_MASK,20260917_154501_01458_ueuue
2026-09-17T15:45:01.373108Z,gov-tha,gov_thailand_analyst|public,(ANY),Tables,js_financial_ice.gov_demo.customer_transactions.mobile_number,COLUMN_MASK,20260917_154501_01458_ueuue
2026-09-17T15:45:01.373098Z,gov-tha,gov_thailand_analyst|public,(ANY),Tables,js_financial_ice.gov_demo.customer_transactions.national_id,COLUMN_MASK,20260917_154501_01458_ueuue
2026-09-17T15:45:01.373078Z,gov-tha,gov_thailand_analyst|public,(ANY),Tables,js_financial_ice.gov_demo.customer_transactions.customer_name,COLUMN_MASK,20260917_154501_01458_ueuue
2026-09-17T15:45:01.367671Z,gov-tha,gov_thailand_analyst|public,EXECUTE,Queries,,ALLOW,20260917_154501_01458_ueuue
2026-09-17T15:45:01.319242Z,gov-tha,gov_thailand_analyst|public,EXECUTE,Queries,,ALLOW,20260917_154501_01457_ueuue
2026-09-17T15:45:01.275858Z,gov-tha,gov_thailand_analyst|public,EXECUTE,Queries,,ALLOW,20260917_154501_01456_ueuue
2026-09-17T15:45:01.187242Z,gov-tha,gov_thailand_analyst|public,(ANY),Tables,js_financial_ice.gov_demo.customer_transactions.*,ROW_FILTER,20260917_154501_01455_ueuue
2026-09-17T15:45:01.184041Z,gov-tha,gov_thailand_analyst|public,SELECT,Tables,"js_financial_ice.gov_demo.customer_transactions.[account_id,country_code,customer_name,mobile_number,national_id,email]",ALLOW,20260917_154501_01455_ueuue
2026-09-17T15:45:01.183097Z,gov-tha,gov_thailand_analyst|public,(ANY),Tables,js_financial_ice.gov_demo.customer_transactions.account_id,COLUMN_MASK,20260917_154501_01455_ueuue
2026-09-17T15:45:01.183085Z,gov-tha,gov_thailand_analyst|public,(ANY),Tables,js_financial_ice.gov_demo.customer_transactions.email,COLUMN_MASK,20260917_154501_01455_ueuue
2026-09-17T15:45:01.183073Z,gov-tha,gov_thailand_analyst|public,(ANY),Tables,js_financial_ice.gov_demo.customer_transactions.mobile_number,COLUMN_MASK,20260917_154501_01455_ueuue
2026-09-17T15:45:01.183058Z,gov-tha,gov_thailand_analyst|public,(ANY),Tables,js_financial_ice.gov_demo.customer_transactions.national_id,COLUMN_MASK,20260917_154501_01455_ueuue
2026-09-17T15:45:01.183030Z,gov-tha,gov_thailand_analyst|public,(ANY),Tables,js_financial_ice.gov_demo.customer_transactions.customer_name,COLUMN_MASK,20260917_154501_01455_ueuue
2026-09-17T15:45:01.176514Z,gov-tha,gov_thailand_analyst|public,EXECUTE,Queries,,ALLOW,20260917_154501_01455_ueuue
2026-09-17T15:45:01.124722Z,gov-tha,gov_thailand_analyst|public,EXECUTE,Queries,,ALLOW,20260917_154501_01454_ueuue
2026-09-17T15:45:01.078562Z,gov-tha,gov_thailand_analyst|public,EXECUTE,Queries,,ALLOW,20260917_154501_01453_ueuue
2026-09-17T15:45:00.960604Z,gov-tha,gov_thailand_analyst|public,(ANY),Tables,js_financial_ice.gov_demo.customer_transactions.*,ROW_FILTER,20260917_154500_01452_ueuue
2026-09-17T15:45:00.956637Z,gov-tha,gov_thailand_analyst|public,SELECT,Tables,"js_financial_ice.gov_demo.customer_transactions.[fraud_flag,account_id,country_code,customer_name,mobile_number,investigation_status,risk_score,transaction_i...",ALLOW,20260917_154500_01452_ueuue
2026-09-17T15:45:00.955154Z,gov-tha,gov_thailand_analyst|public,(ANY),Tables,js_financial_ice.gov_demo.customer_transactions.account_id,COLUMN_MASK,20260917_154500_01452_ueuue
2026-09-17T15:45:00.955142Z,gov-tha,gov_thailand_analyst|public,(ANY),Tables,js_financial_ice.gov_demo.customer_transactions.email,COLUMN_MASK,20260917_154500_01452_ueuue
2026-09-17T15:45:00.955130Z,gov-tha,gov_thailand_analyst|public,(ANY),Tables,js_financial_ice.gov_demo.customer_transactions.mobile_number,COLUMN_MASK,20260917_154500_01452_ueuue
2026-09-17T15:45:00.955114Z,gov-tha,gov_thailand_analyst|public,(ANY),Tables,js_financial_ice.gov_demo.customer_transactions.national_id,COLUMN_MASK,20260917_154500_01452_ueuue
2026-09-17T15:45:00.955085Z,gov-tha,gov_thailand_analyst|public,(ANY),Tables,js_financial_ice.gov_demo.customer_transactions.customer_name,COLUMN_MASK,20260917_154500_01452_ueuue
2026-09-17T15:45:00.949428Z,gov-tha,gov_thailand_analyst|public,EXECUTE,Queries,,ALLOW,20260917_154500_01452_ueuue
2026-09-17T15:45:00.900828Z,gov-tha,gov_thailand_analyst|public,EXECUTE,Queries,,ALLOW,20260917_154500_01451_ueuue
2026-09-17T15:45:00.856295Z,gov-tha,gov_thailand_analyst|public,EXECUTE,Queries,,ALLOW,20260917_154500_01450_ueuue
2026-09-17T15:45:00.770787Z,gov-biz,gov_business_analyst|public,SELECT,Tables,"js_financial_ice.gov_demo.customer_transactions.[investigation_status,fraud_type]",DENY,20260917_154500_01449_ueuue
2026-09-17T15:45:00.765054Z,gov-biz,gov_business_analyst|public,EXECUTE,Queries,,ALLOW,20260917_154500_01449_ueuue
2026-09-17T15:45:00.715359Z,gov-biz,gov_business_analyst|public,EXECUTE,Queries,,ALLOW,20260917_154500_01448_ueuue
2026-09-17T15:45:00.650887Z,gov-biz,gov_business_analyst|public,EXECUTE,Queries,,ALLOW,20260917_154500_01447_ueuue
2026-09-17T15:45:00.571062Z,gov-biz,gov_business_analyst|public,SELECT,Tables,js_financial_ice.gov_demo.customer_transactions.national_id,DENY,20260917_154500_01446_ueuue
2026-09-17T15:45:00.561572Z,gov-biz,gov_business_analyst|public,EXECUTE,Queries,,ALLOW,20260917_154500_01446_ueuue
2026-09-17T15:45:00.499423Z,gov-biz,gov_business_analyst|public,EXECUTE,Queries,,ALLOW,20260917_154500_01445_ueuue
2026-09-17T15:45:00.436290Z,gov-biz,gov_business_analyst|public,EXECUTE,Queries,,ALLOW,20260917_154500_01444_ueuue
2026-09-17T15:45:00.353202Z,gov-biz,gov_business_analyst|public,SELECT,Tables,js_financial_ice.gov_demo.customer_transactions.*,DENY,20260917_154500_01443_ueuue
2026-09-17T15:45:00.342777Z,gov-biz,gov_business_analyst|public,EXECUTE,Queries,,ALLOW,20260917_154500_01443_ueuue
2026-09-17T15:45:00.295034Z,gov-biz,gov_business_analyst|public,EXECUTE,Queries,,ALLOW,20260917_154500_01442_ueuue
2026-09-17T15:45:00.250889Z,gov-biz,gov_business_analyst|public,EXECUTE,Queries,,ALLOW,20260917_154500_01441_ueuue
2026-09-17T15:45:00.139361Z,jirawut,jirawut_demo|public|pystarburst,SELECT,Tables,"js_financial_ice.gov_demo.customer_transactions.[fraud_flag,country_code,event_timestamp,channel,risk_score,transaction_status,merchant_category,amount]",ALLOW,20260917_154500_01440_ueuue
2026-09-17T15:45:00.138966Z,gov-biz,gov_business_analyst|public,SELECT,Tables,"js_financial_ice.gov_demo.payment_business_summary.[country_code,fraud_alert_count,approved_count,declined_count,channel,avg_amount,avg_risk_score,merchant_c...",ALLOW,20260917_154500_01440_ueuue
2026-09-17T15:45:00.117884Z,gov-biz,gov_business_analyst|public,EXECUTE,Queries,,ALLOW,20260917_154500_01440_ueuue
2026-09-17T15:45:00.072344Z,gov-biz,gov_business_analyst|public,EXECUTE,Queries,,ALLOW,20260917_154500_01439_ueuue
2026-09-17T15:45:00.027781Z,gov-biz,gov_business_analyst|public,EXECUTE,Queries,,ALLOW,20260917_154500_01438_ueuue
2026-09-17T15:44:59.924469Z,jirawut,jirawut_demo|public|pystarburst,SELECT,Tables,"js_financial_ice.gov_demo.customer_transactions.[fraud_flag,country_code,event_timestamp,channel,risk_score,transaction_status,merchant_category,amount]",ALLOW,20260917_154459_01437_ueuue
2026-09-17T15:44:59.924329Z,gov-biz,gov_business_analyst|public,SELECT,Tables,js_financial_ice.gov_demo.payment_business_summary.*,ALLOW,20260917_154459_01437_ueuue
2026-09-17T15:44:59.913018Z,gov-biz,gov_business_analyst|public,EXECUTE,Queries,,ALLOW,20260917_154459_01437_ueuue
2026-09-17T15:44:59.864153Z,gov-biz,gov_business_analyst|public,EXECUTE,Queries,,ALLOW,20260917_154459_01436_ueuue
2026-09-17T15:44:59.818041Z,gov-biz,gov_business_analyst|public,EXECUTE,Queries,,ALLOW,20260917_154459_01435_ueuue
2026-09-17T15:44:59.735480Z,gov-fraud,gov_fraud_analyst|public,CREATE,Tables,js_financial_ice.gov_demo.v_bypass.*,DENY,20260917_154459_01434_ueuue
2026-09-17T15:44:59.734864Z,gov-fraud,gov_fraud_analyst|public,EXECUTE,Queries,,ALLOW,20260917_154459_01434_ueuue
2026-09-17T15:44:59.685412Z,gov-fraud,gov_fraud_analyst|public,EXECUTE,Queries,,ALLOW,20260917_154459_01433_ueuue
2026-09-17T15:44:59.640778Z,gov-fraud,gov_fraud_analyst|public,EXECUTE,Queries,,ALLOW,20260917_154459_01432_ueuue
2026-09-17T15:44:59.522957Z,gov-fraud,gov_fraud_analyst|public,CREATE,Roles,All roles,DENY,20260917_154459_01431_ueuue
2026-09-17T15:44:59.521158Z,gov-fraud,gov_fraud_analyst|public,EXECUTE,Queries,,ALLOW,20260917_154459_01431_ueuue
2026-09-17T15:44:59.473571Z,gov-fraud,gov_fraud_analyst|public,EXECUTE,Queries,,ALLOW,20260917_154459_01430_ueuue
2026-09-17T15:44:59.426034Z,gov-fraud,gov_fraud_analyst|public,EXECUTE,Queries,,ALLOW,20260917_154459_01429_ueuue
2026-09-17T15:44:59.349550Z,gov-fraud,gov_fraud_analyst|public,CREATE,Tables,js_financial_ice.gov_demo.evil.*,DENY,20260917_154459_01428_ueuue
2026-09-17T15:44:59.344433Z,gov-fraud,gov_fraud_analyst|public,EXECUTE,Queries,,ALLOW,20260917_154459_01428_ueuue
2026-09-17T15:44:59.300146Z,gov-fraud,gov_fraud_analyst|public,EXECUTE,Queries,,ALLOW,20260917_154459_01427_ueuue
2026-09-17T15:44:59.258039Z,gov-fraud,gov_fraud_analyst|public,EXECUTE,Queries,,ALLOW,20260917_154459_01426_ueuue
2026-09-17T15:44:59.176152Z,gov-fraud,gov_fraud_analyst|public,INSERT,Tables,js_financial_ice.gov_demo.customer_transactions.*,DENY,20260917_154459_01425_ueuue
2026-09-17T15:44:59.170668Z,gov-fraud,gov_fraud_analyst|public,EXECUTE,Queries,,ALLOW,20260917_154459_01425_ueuue
2026-09-17T15:44:59.125596Z,gov-fraud,gov_fraud_analyst|public,EXECUTE,Queries,,ALLOW,20260917_154459_01424_ueuue
2026-09-17T15:44:59.083652Z,gov-fraud,gov_fraud_analyst|public,EXECUTE,Queries,,ALLOW,20260917_154459_01423_ueuue
2026-09-17T15:44:58.982356Z,gov-fraud,gov_fraud_analyst|public,(ANY),Tables,js_financial_ice.gov_demo.customer_transactions.*,ROW_FILTER,20260917_154458_01422_ueuue
2026-09-17T15:44:58.977909Z,gov-fraud,gov_fraud_analyst|public,SELECT,Tables,"js_financial_ice.gov_demo.customer_transactions.[fraud_flag,account_id,country_code,customer_name,mobile_number,investigation_status,risk_score,transaction_i...",ALLOW,20260917_154458_01422_ueuue
2026-09-17T15:44:58.976776Z,gov-fraud,gov_fraud_analyst|public,(ANY),Tables,js_financial_ice.gov_demo.customer_transactions.customer_name,COLUMN_MASK,20260917_154458_01422_ueuue
2026-09-17T15:44:58.976769Z,gov-fraud,gov_fraud_analyst|public,(ANY),Tables,js_financial_ice.gov_demo.customer_transactions.email,COLUMN_MASK,20260917_154458_01422_ueuue
2026-09-17T15:44:58.976759Z,gov-fraud,gov_fraud_analyst|public,(ANY),Tables,js_financial_ice.gov_demo.customer_transactions.mobile_number,COLUMN_MASK,20260917_154458_01422_ueuue
2026-09-17T15:44:58.976734Z,gov-fraud,gov_fraud_analyst|public,(ANY),Tables,js_financial_ice.gov_demo.customer_transactions.national_id,COLUMN_MASK,20260917_154458_01422_ueuue
2026-09-17T15:44:58.971304Z,gov-fraud,gov_fraud_analyst|public,EXECUTE,Queries,,ALLOW,20260917_154458_01422_ueuue
2026-09-17T15:44:58.926917Z,gov-fraud,gov_fraud_analyst|public,EXECUTE,Queries,,ALLOW,20260917_154458_01421_ueuue
2026-09-17T15:44:58.883779Z,gov-fraud,gov_fraud_analyst|public,EXECUTE,Queries,,ALLOW,20260917_154458_01420_ueuue
2026-09-17T15:44:58.768821Z,gov-fraud,gov_fraud_analyst|public,(ANY),Tables,js_financial_ice.gov_demo.customer_transactions.*,ROW_FILTER,20260917_154458_01419_ueuue
2026-09-17T15:44:58.763824Z,gov-fraud,gov_fraud_analyst|public,SELECT,Tables,"js_financial_ice.gov_demo.customer_transactions.[fraud_flag,customer_name,mobile_number,risk_score,national_id,email]",ALLOW,20260917_154458_01419_ueuue
2026-09-17T15:44:58.762085Z,gov-fraud,gov_fraud_analyst|public,(ANY),Tables,js_financial_ice.gov_demo.customer_transactions.customer_name,COLUMN_MASK,20260917_154458_01419_ueuue
2026-09-17T15:44:58.762068Z,gov-fraud,gov_fraud_analyst|public,(ANY),Tables,js_financial_ice.gov_demo.customer_transactions.email,COLUMN_MASK,20260917_154458_01419_ueuue
2026-09-17T15:44:58.762049Z,gov-fraud,gov_fraud_analyst|public,(ANY),Tables,js_financial_ice.gov_demo.customer_transactions.mobile_number,COLUMN_MASK,20260917_154458_01419_ueuue
2026-09-17T15:44:58.762015Z,gov-fraud,gov_fraud_analyst|public,(ANY),Tables,js_financial_ice.gov_demo.customer_transactions.national_id,COLUMN_MASK,20260917_154458_01419_ueuue
2026-09-17T15:44:58.754894Z,gov-fraud,gov_fraud_analyst|public,EXECUTE,Queries,,ALLOW,20260917_154458_01419_ueuue
2026-09-17T15:44:58.710341Z,gov-fraud,gov_fraud_analyst|public,EXECUTE,Queries,,ALLOW,20260917_154458_01418_ueuue
2026-09-17T15:44:58.666784Z,gov-fraud,gov_fraud_analyst|public,EXECUTE,Queries,,ALLOW,20260917_154458_01417_ueuue
2026-09-17T15:44:58.561734Z,gov-fraud,gov_fraud_analyst|public,(ANY),Tables,js_financial_ice.gov_demo.customer_transactions.*,ROW_FILTER,20260917_154458_01416_ueuue
2026-09-17T15:44:58.555420Z,gov-fraud,gov_fraud_analyst|public,SELECT,Tables,"js_financial_ice.gov_demo.customer_transactions.[fraud_flag,account_id,country_code,customer_name,mobile_number,investigation_status,risk_score,transaction_i...",ALLOW,20260917_154458_01416_ueuue
2026-09-17T15:44:58.553974Z,gov-fraud,gov_fraud_analyst|public,(ANY),Tables,js_financial_ice.gov_demo.customer_transactions.customer_name,COLUMN_MASK,20260917_154458_01416_ueuue
2026-09-17T15:44:58.553962Z,gov-fraud,gov_fraud_analyst|public,(ANY),Tables,js_financial_ice.gov_demo.customer_transactions.email,COLUMN_MASK,20260917_154458_01416_ueuue
2026-09-17T15:44:58.553947Z,gov-fraud,gov_fraud_analyst|public,(ANY),Tables,js_financial_ice.gov_demo.customer_transactions.mobile_number,COLUMN_MASK,20260917_154458_01416_ueuue
2026-09-17T15:44:58.553919Z,gov-fraud,gov_fraud_analyst|public,(ANY),Tables,js_financial_ice.gov_demo.customer_transactions.national_id,COLUMN_MASK,20260917_154458_01416_ueuue
2026-09-17T15:44:58.548238Z,gov-fraud,gov_fraud_analyst|public,EXECUTE,Queries,,ALLOW,20260917_154458_01416_ueuue
2026-09-17T15:44:58.503743Z,gov-fraud,gov_fraud_analyst|public,EXECUTE,Queries,,ALLOW,20260917_154458_01415_ueuue
2026-09-17T15:44:58.460302Z,gov-fraud,gov_fraud_analyst|public,EXECUTE,Queries,,ALLOW,20260917_154458_01414_ueuue
2026-09-17T15:44:58.353508Z,gov-fraud,gov_fraud_analyst|public,(ANY),Tables,js_financial_ice.gov_demo.customer_transactions.*,ROW_FILTER,20260917_154458_01413_ueuue
2026-09-17T15:44:58.348322Z,gov-fraud,gov_fraud_analyst|public,SELECT,Tables,"js_financial_ice.gov_demo.customer_transactions.[fraud_flag,customer_name,mobile_number,risk_score,national_id,email]",ALLOW,20260917_154458_01413_ueuue
2026-09-17T15:44:58.346641Z,gov-fraud,gov_fraud_analyst|public,(ANY),Tables,js_financial_ice.gov_demo.customer_transactions.customer_name,COLUMN_MASK,20260917_154458_01413_ueuue
2026-09-17T15:44:58.346628Z,gov-fraud,gov_fraud_analyst|public,(ANY),Tables,js_financial_ice.gov_demo.customer_transactions.email,COLUMN_MASK,20260917_154458_01413_ueuue
2026-09-17T15:44:58.346611Z,gov-fraud,gov_fraud_analyst|public,(ANY),Tables,js_financial_ice.gov_demo.customer_transactions.mobile_number,COLUMN_MASK,20260917_154458_01413_ueuue
2026-09-17T15:44:58.346578Z,gov-fraud,gov_fraud_analyst|public,(ANY),Tables,js_financial_ice.gov_demo.customer_transactions.national_id,COLUMN_MASK,20260917_154458_01413_ueuue
2026-09-17T15:44:58.340664Z,gov-fraud,gov_fraud_analyst|public,EXECUTE,Queries,,ALLOW,20260917_154458_01413_ueuue
2026-09-17T15:44:58.295925Z,gov-fraud,gov_fraud_analyst|public,EXECUTE,Queries,,ALLOW,20260917_154458_01412_ueuue
2026-09-17T15:44:58.254843Z,gov-fraud,gov_fraud_analyst|public,EXECUTE,Queries,,ALLOW,20260917_154458_01411_ueuue
2026-09-17T15:44:58.166720Z,gov-admin,gov_data_admin|public,SHOW,Roles,All roles,ALLOW,20260917_154458_01410_ueuue
2026-09-17T15:44:58.166396Z,gov-admin,gov_data_admin|public,EXECUTE,Queries,,ALLOW,20260917_154458_01410_ueuue
2026-09-17T15:44:58.117382Z,gov-admin,gov_data_admin|public,EXECUTE,Queries,,ALLOW,20260917_154458_01409_ueuue
2026-09-17T15:44:58.075293Z,gov-admin,gov_data_admin|public,EXECUTE,Queries,,ALLOW,20260917_154458_01408_ueuue
2026-09-17T15:44:57.969633Z,gov-admin,gov_data_admin|public,SELECT,Tables,"js_financial_ice.gov_demo.customer_transactions.[fraud_flag,investigation_status,fraud_type]",ALLOW,20260917_154457_01407_ueuue
2026-09-17T15:44:57.963576Z,gov-admin,gov_data_admin|public,EXECUTE,Queries,,ALLOW,20260917_154457_01407_ueuue
2026-09-17T15:44:57.911511Z,gov-admin,gov_data_admin|public,EXECUTE,Queries,,ALLOW,20260917_154457_01406_ueuue
2026-09-17T15:44:57.865113Z,gov-admin,gov_data_admin|public,EXECUTE,Queries,,ALLOW,20260917_154457_01405_ueuue
2026-09-17T15:44:57.769534Z,gov-admin,gov_data_admin|public,SELECT,Tables,"js_financial_ice.gov_demo.customer_transactions.[fraud_flag,account_id,country_code,customer_name,mobile_number,investigation_status,risk_score,transaction_i...",ALLOW,20260917_154457_01404_ueuue
2026-09-17T15:44:57.761887Z,gov-admin,gov_data_admin|public,EXECUTE,Queries,,ALLOW,20260917_154457_01404_ueuue
2026-09-17T15:44:57.717680Z,gov-admin,gov_data_admin|public,EXECUTE,Queries,,ALLOW,20260917_154457_01403_ueuue
2026-09-17T15:44:57.674239Z,gov-admin,gov_data_admin|public,EXECUTE,Queries,,ALLOW,20260917_154457_01402_ueuue
2026-09-17T15:44:57.574389Z,gov-admin,gov_data_admin|public,SELECT,Tables,js_financial_ice.gov_demo.customer_transactions.country_code,ALLOW,20260917_154457_01401_ueuue
2026-09-17T15:44:57.568055Z,gov-admin,gov_data_admin|public,EXECUTE,Queries,,ALLOW,20260917_154457_01401_ueuue
2026-09-17T15:44:57.521893Z,gov-admin,gov_data_admin|public,EXECUTE,Queries,,ALLOW,20260917_154457_01400_ueuue
2026-09-17T15:44:57.471900Z,gov-admin,gov_data_admin|public,EXECUTE,Queries,,ALLOW,20260917_154457_01399_ueuue
2026-09-17T15:44:57.375904Z,gov-admin,gov_data_admin|public,SELECT,Tables,js_financial_ice.gov_demo.customer_transactions.*,ALLOW,20260917_154457_01398_ueuue
2026-09-17T15:44:57.364479Z,gov-admin,gov_data_admin|public,EXECUTE,Queries,,ALLOW,20260917_154457_01398_ueuue
2026-09-17T15:44:57.317369Z,gov-admin,gov_data_admin|public,EXECUTE,Queries,,ALLOW,20260917_154457_01397_ueuue
2026-09-17T15:44:57.274406Z,gov-admin,gov_data_admin|public,EXECUTE,Queries,,ALLOW,20260917_154457_01396_ueuue
2026-09-17T15:44:57.188851Z,gov-audit,gov_auditor|public,EXECUTE,Queries,,ALLOW,20260917_154457_01395_ueuue
2026-09-17T15:44:57.141758Z,gov-audit,gov_auditor|public,EXECUTE,Queries,,ALLOW,20260917_154457_01394_ueuue
2026-09-17T15:44:57.096506Z,gov-audit,gov_auditor|public,EXECUTE,Queries,,ALLOW,20260917_154457_01393_ueuue
2026-09-17T15:44:57.013136Z,gov-tha,gov_thailand_analyst|public,EXECUTE,Queries,,ALLOW,20260917_154457_01392_ueuue
2026-09-17T15:44:56.956155Z,gov-tha,gov_thailand_analyst|public,EXECUTE,Queries,,ALLOW,20260917_154456_01391_ueuue
2026-09-17T15:44:56.913978Z,gov-tha,gov_thailand_analyst|public,EXECUTE,Queries,,ALLOW,20260917_154456_01390_ueuue
2026-09-17T15:44:56.826991Z,gov-biz,gov_business_analyst|public,EXECUTE,Queries,,ALLOW,20260917_154456_01389_ueuue
2026-09-17T15:44:56.780996Z,gov-biz,gov_business_analyst|public,EXECUTE,Queries,,ALLOW,20260917_154456_01388_ueuue
2026-09-17T15:44:56.738724Z,gov-biz,gov_business_analyst|public,EXECUTE,Queries,,ALLOW,20260917_154456_01387_ueuue
2026-09-17T15:44:56.647268Z,gov-fraud,gov_fraud_analyst|public,EXECUTE,Queries,,ALLOW,20260917_154456_01386_ueuue
2026-09-17T15:44:56.600202Z,gov-fraud,gov_fraud_analyst|public,EXECUTE,Queries,,ALLOW,20260917_154456_01385_ueuue
2026-09-17T15:44:56.558012Z,gov-fraud,gov_fraud_analyst|public,EXECUTE,Queries,,ALLOW,20260917_154456_01384_ueuue
2026-09-17T15:44:56.434365Z,gov-admin,gov_data_admin|public,EXECUTE,Queries,,ALLOW,20260917_154456_01383_ueuue
2026-09-17T15:44:56.386677Z,gov-admin,gov_data_admin|public,EXECUTE,Queries,,ALLOW,20260917_154456_01382_ueuue
2026-09-17T15:44:56.328572Z,gov-admin,gov_data_admin|public,EXECUTE,Queries,,ALLOW,20260917_154456_01381_ueuue
2026-09-17T15:44:36.355133Z,jirawut,jirawut_demo|public|pystarburst,SHOW,Tables,js_financial_ice.gov_demo.payment_business_summary.*,ALLOW,20260917_154436_01334_ueuue
2026-09-17T15:44:35.885407Z,jirawut,jirawut_demo|public|pystarburst,SHOW,Tables,js_financial_ice.gov_demo.customer_transactions.*,ALLOW,20260917_154435_01330_ueuue
2026-09-17T15:44:08.491505Z,gov-fraud,gov_fraud_analyst|public,CREATE,Tables,js_financial_ice.gov_demo.evil_view.*,DENY,20260917_154408_01272_ueuue
2026-09-17T15:44:08.490965Z,gov-fraud,gov_fraud_analyst|public,EXECUTE,Queries,,ALLOW,20260917_154408_01272_ueuue
2026-09-17T15:44:08.413735Z,gov-fraud,gov_fraud_analyst|public,CREATE,Tables,js_financial_ice.gov_demo.evil.*,DENY,20260917_154408_01271_ueuue
2026-09-17T15:44:08.408494Z,gov-fraud,gov_fraud_analyst|public,EXECUTE,Queries,,ALLOW,20260917_154408_01271_ueuue
2026-09-17T15:44:08.330229Z,gov-fraud,gov_fraud_analyst|public,INSERT,Tables,js_financial_ice.gov_demo.customer_transactions.*,DENY,20260917_154408_01270_ueuue
2026-09-17T15:44:08.324171Z,gov-fraud,gov_fraud_analyst|public,EXECUTE,Queries,,ALLOW,20260917_154408_01270_ueuue
2026-09-17T15:44:08.229091Z,gov-audit,gov_auditor|public,SHOW,Roles,All roles,ALLOW,20260917_154408_01269_ueuue
2026-09-17T15:44:08.228791Z,gov-audit,gov_auditor|public,EXECUTE,Queries,,ALLOW,20260917_154408_01269_ueuue
2026-09-17T15:44:08.144643Z,gov-audit,gov_auditor|public,SELECT,Tables,js_financial_ice.gov_demo.customer_transactions.*,DENY,20260917_154408_01268_ueuue
2026-09-17T15:44:08.138147Z,gov-audit,gov_auditor|public,EXECUTE,Queries,,ALLOW,20260917_154408_01268_ueuue
2026-09-17T15:44:08.018045Z,gov-audit,gov_auditor|public,SHOW,Tables,js_financial_ice.gov_demo.*,ALLOW,20260917_154408_01267_ueuue
2026-09-17T15:44:08.017500Z,gov-audit,gov_auditor|public,EXECUTE,Queries,,ALLOW,20260917_154408_01267_ueuue
2026-09-17T15:44:07.924355Z,gov-biz,gov_business_analyst|public,SELECT,Tables,js_financial_ice.gov_demo.customer_transactions.*,DENY,20260917_154407_01266_ueuue
2026-09-17T15:44:07.918048Z,gov-biz,gov_business_analyst|public,EXECUTE,Queries,,ALLOW,20260917_154407_01266_ueuue
2026-09-17T15:44:07.764251Z,jirawut,jirawut_demo|public|pystarburst,SELECT,Tables,"js_financial_ice.gov_demo.customer_transactions.[fraud_flag,country_code,event_timestamp,channel,risk_score,transaction_status,merchant_category,amount]",ALLOW,20260917_154407_01265_ueuue
2026-09-17T15:44:07.763955Z,gov-biz,gov_business_analyst|public,SELECT,Tables,"js_financial_ice.gov_demo.payment_business_summary.[country_code,fraud_alert_count,approved_count,declined_count,channel,avg_amount,avg_risk_score,merchant_c...",ALLOW,20260917_154407_01265_ueuue
2026-09-17T15:44:07.745383Z,gov-biz,gov_business_analyst|public,EXECUTE,Queries,,ALLOW,20260917_154407_01265_ueuue
2026-09-17T15:44:00.961076Z,jirawut,jirawut_demo|public|pystarburst,SELECT,Tables,"js_financial_ice.gov_demo.customer_transactions.[fraud_flag,country_code,event_timestamp,channel,risk_score,transaction_status,merchant_category,amount]",ALLOW,20260917_154400_01264_ueuue
2026-09-17T15:44:00.960966Z,gov-tha,gov_thailand_analyst|public,SELECT,Tables,js_financial_ice.gov_demo.payment_business_summary.country_code,ALLOW,20260917_154400_01264_ueuue
2026-09-17T15:44:00.960315Z,gov-tha,gov_thailand_analyst|public,(ANY),Tables,js_financial_ice.gov_demo.payment_business_summary.*,ROW_FILTER,20260917_154400_01264_ueuue
2026-09-17T15:44:00.949496Z,gov-tha,gov_thailand_analyst|public,EXECUTE,Queries,,ALLOW,20260917_154400_01264_ueuue
2026-09-17T15:44:00.836339Z,gov-tha,gov_thailand_analyst|public,(ANY),Tables,js_financial_ice.gov_demo.customer_transactions.*,ROW_FILTER,20260917_154400_01263_ueuue
2026-09-17T15:44:00.833442Z,gov-tha,gov_thailand_analyst|public,SELECT,Tables,"js_financial_ice.gov_demo.customer_transactions.[account_id,country_code,customer_name,mobile_number,transaction_id,national_id,email]",ALLOW,20260917_154400_01263_ueuue
2026-09-17T15:44:00.832592Z,gov-tha,gov_thailand_analyst|public,(ANY),Tables,js_financial_ice.gov_demo.customer_transactions.account_id,COLUMN_MASK,20260917_154400_01263_ueuue
2026-09-17T15:44:00.832580Z,gov-tha,gov_thailand_analyst|public,(ANY),Tables,js_financial_ice.gov_demo.customer_transactions.email,COLUMN_MASK,20260917_154400_01263_ueuue
2026-09-17T15:44:00.832572Z,gov-tha,gov_thailand_analyst|public,(ANY),Tables,js_financial_ice.gov_demo.customer_transactions.mobile_number,COLUMN_MASK,20260917_154400_01263_ueuue
2026-09-17T15:44:00.832562Z,gov-tha,gov_thailand_analyst|public,(ANY),Tables,js_financial_ice.gov_demo.customer_transactions.national_id,COLUMN_MASK,20260917_154400_01263_ueuue
2026-09-17T15:44:00.832541Z,gov-tha,gov_thailand_analyst|public,(ANY),Tables,js_financial_ice.gov_demo.customer_transactions.customer_name,COLUMN_MASK,20260917_154400_01263_ueuue
2026-09-17T15:44:00.826827Z,gov-tha,gov_thailand_analyst|public,EXECUTE,Queries,,ALLOW,20260917_154400_01263_ueuue
2026-09-17T15:44:00.690323Z,gov-tha,gov_thailand_analyst|public,(ANY),Tables,js_financial_ice.gov_demo.customer_transactions.*,ROW_FILTER,20260917_154400_01262_ueuue
2026-09-17T15:44:00.686655Z,gov-tha,gov_thailand_analyst|public,SELECT,Tables,"js_financial_ice.gov_demo.customer_transactions.[country_code,event_timestamp,channel,transaction_id,transaction_status,amount,national_id,fraud_type,email,c...",ALLOW,20260917_154400_01262_ueuue
2026-09-17T15:44:00.685439Z,gov-tha,gov_thailand_analyst|public,(ANY),Tables,js_financial_ice.gov_demo.customer_transactions.account_id,COLUMN_MASK,20260917_154400_01262_ueuue
2026-09-17T15:44:00.685419Z,gov-tha,gov_thailand_analyst|public,(ANY),Tables,js_financial_ice.gov_demo.customer_transactions.email,COLUMN_MASK,20260917_154400_01262_ueuue
2026-09-17T15:44:00.685405Z,gov-tha,gov_thailand_analyst|public,(ANY),Tables,js_financial_ice.gov_demo.customer_transactions.mobile_number,COLUMN_MASK,20260917_154400_01262_ueuue
2026-09-17T15:44:00.685377Z,gov-tha,gov_thailand_analyst|public,(ANY),Tables,js_financial_ice.gov_demo.customer_transactions.national_id,COLUMN_MASK,20260917_154400_01262_ueuue
2026-09-17T15:44:00.685306Z,gov-tha,gov_thailand_analyst|public,(ANY),Tables,js_financial_ice.gov_demo.customer_transactions.customer_name,COLUMN_MASK,20260917_154400_01262_ueuue
2026-09-17T15:44:00.673850Z,gov-tha,gov_thailand_analyst|public,EXECUTE,Queries,,ALLOW,20260917_154400_01262_ueuue
2026-09-17T15:44:00.568634Z,gov-tha,gov_thailand_analyst|public,(ANY),Tables,js_financial_ice.gov_demo.customer_transactions.*,ROW_FILTER,20260917_154400_01261_ueuue
2026-09-17T15:44:00.563982Z,gov-tha,gov_thailand_analyst|public,SELECT,Tables,"js_financial_ice.gov_demo.customer_transactions.[account_id,country_code,customer_name,mobile_number,national_id,email]",ALLOW,20260917_154400_01261_ueuue
2026-09-17T15:44:00.562741Z,gov-tha,gov_thailand_analyst|public,(ANY),Tables,js_financial_ice.gov_demo.customer_transactions.account_id,COLUMN_MASK,20260917_154400_01261_ueuue
2026-09-17T15:44:00.562725Z,gov-tha,gov_thailand_analyst|public,(ANY),Tables,js_financial_ice.gov_demo.customer_transactions.email,COLUMN_MASK,20260917_154400_01261_ueuue
2026-09-17T15:44:00.562709Z,gov-tha,gov_thailand_analyst|public,(ANY),Tables,js_financial_ice.gov_demo.customer_transactions.mobile_number,COLUMN_MASK,20260917_154400_01261_ueuue
2026-09-17T15:44:00.562688Z,gov-tha,gov_thailand_analyst|public,(ANY),Tables,js_financial_ice.gov_demo.customer_transactions.national_id,COLUMN_MASK,20260917_154400_01261_ueuue
2026-09-17T15:44:00.562656Z,gov-tha,gov_thailand_analyst|public,(ANY),Tables,js_financial_ice.gov_demo.customer_transactions.customer_name,COLUMN_MASK,20260917_154400_01261_ueuue
2026-09-17T15:44:00.556476Z,gov-tha,gov_thailand_analyst|public,EXECUTE,Queries,,ALLOW,20260917_154400_01261_ueuue
2026-09-17T15:44:00.434095Z,gov-tha,gov_thailand_analyst|public,(ANY),Tables,js_financial_ice.gov_demo.customer_transactions.*,ROW_FILTER,20260917_154400_01260_ueuue
2026-09-17T15:44:00.430398Z,gov-tha,gov_thailand_analyst|public,SELECT,Tables,"js_financial_ice.gov_demo.customer_transactions.[account_id,country_code,customer_name,mobile_number,national_id,email]",ALLOW,20260917_154400_01260_ueuue
2026-09-17T15:44:00.429236Z,gov-tha,gov_thailand_analyst|public,(ANY),Tables,js_financial_ice.gov_demo.customer_transactions.account_id,COLUMN_MASK,20260917_154400_01260_ueuue
2026-09-17T15:44:00.429224Z,gov-tha,gov_thailand_analyst|public,(ANY),Tables,js_financial_ice.gov_demo.customer_transactions.email,COLUMN_MASK,20260917_154400_01260_ueuue
2026-09-17T15:44:00.429212Z,gov-tha,gov_thailand_analyst|public,(ANY),Tables,js_financial_ice.gov_demo.customer_transactions.mobile_number,COLUMN_MASK,20260917_154400_01260_ueuue
2026-09-17T15:44:00.429196Z,gov-tha,gov_thailand_analyst|public,(ANY),Tables,js_financial_ice.gov_demo.customer_transactions.national_id,COLUMN_MASK,20260917_154400_01260_ueuue
2026-09-17T15:44:00.429170Z,gov-tha,gov_thailand_analyst|public,(ANY),Tables,js_financial_ice.gov_demo.customer_transactions.customer_name,COLUMN_MASK,20260917_154400_01260_ueuue
2026-09-17T15:44:00.422635Z,gov-tha,gov_thailand_analyst|public,EXECUTE,Queries,,ALLOW,20260917_154400_01260_ueuue
2026-09-17T15:44:00.302998Z,jirawut,jirawut_demo|public|pystarburst,SELECT,Tables,"js_financial_ice.gov_demo.customer_transactions.[fraud_flag,country_code,event_timestamp,channel,risk_score,transaction_status,merchant_category,amount]",ALLOW,20260917_154400_01259_ueuue
2026-09-17T15:44:00.301265Z,gov-fraud,gov_fraud_analyst|public,SELECT,Tables,js_financial_ice.gov_demo.payment_business_summary.country_code,ALLOW,20260917_154400_01259_ueuue
2026-09-17T15:44:00.290796Z,gov-fraud,gov_fraud_analyst|public,EXECUTE,Queries,,ALLOW,20260917_154400_01259_ueuue
2026-09-17T15:44:00.169515Z,gov-fraud,gov_fraud_analyst|public,(ANY),Tables,js_financial_ice.gov_demo.customer_transactions.*,ROW_FILTER,20260917_154400_01258_ueuue
2026-09-17T15:44:00.164759Z,gov-fraud,gov_fraud_analyst|public,SELECT,Tables,"js_financial_ice.gov_demo.customer_transactions.[fraud_flag,customer_name,mobile_number,risk_score,transaction_id,national_id,email]",ALLOW,20260917_154400_01258_ueuue
2026-09-17T15:44:00.163647Z,gov-fraud,gov_fraud_analyst|public,(ANY),Tables,js_financial_ice.gov_demo.customer_transactions.customer_name,COLUMN_MASK,20260917_154400_01258_ueuue
2026-09-17T15:44:00.163639Z,gov-fraud,gov_fraud_analyst|public,(ANY),Tables,js_financial_ice.gov_demo.customer_transactions.email,COLUMN_MASK,20260917_154400_01258_ueuue
2026-09-17T15:44:00.163629Z,gov-fraud,gov_fraud_analyst|public,(ANY),Tables,js_financial_ice.gov_demo.customer_transactions.mobile_number,COLUMN_MASK,20260917_154400_01258_ueuue
2026-09-17T15:44:00.163608Z,gov-fraud,gov_fraud_analyst|public,(ANY),Tables,js_financial_ice.gov_demo.customer_transactions.national_id,COLUMN_MASK,20260917_154400_01258_ueuue
2026-09-17T15:44:00.157724Z,gov-fraud,gov_fraud_analyst|public,EXECUTE,Queries,,ALLOW,20260917_154400_01258_ueuue
2026-09-17T15:44:00.058073Z,gov-fraud,gov_fraud_analyst|public,(ANY),Tables,js_financial_ice.gov_demo.customer_transactions.*,ROW_FILTER,20260917_154400_01257_ueuue
2026-09-17T15:44:00.053303Z,gov-fraud,gov_fraud_analyst|public,SELECT,Tables,"js_financial_ice.gov_demo.customer_transactions.[country_code,event_timestamp,channel,transaction_id,transaction_status,amount,national_id,fraud_type,email,c...",ALLOW,20260917_154400_01257_ueuue
2026-09-17T15:44:00.052168Z,gov-fraud,gov_fraud_analyst|public,(ANY),Tables,js_financial_ice.gov_demo.customer_transactions.customer_name,COLUMN_MASK,20260917_154400_01257_ueuue
2026-09-17T15:44:00.052160Z,gov-fraud,gov_fraud_analyst|public,(ANY),Tables,js_financial_ice.gov_demo.customer_transactions.email,COLUMN_MASK,20260917_154400_01257_ueuue
2026-09-17T15:44:00.052150Z,gov-fraud,gov_fraud_analyst|public,(ANY),Tables,js_financial_ice.gov_demo.customer_transactions.mobile_number,COLUMN_MASK,20260917_154400_01257_ueuue
2026-09-17T15:44:00.052129Z,gov-fraud,gov_fraud_analyst|public,(ANY),Tables,js_financial_ice.gov_demo.customer_transactions.national_id,COLUMN_MASK,20260917_154400_01257_ueuue
2026-09-17T15:44:00.046291Z,gov-fraud,gov_fraud_analyst|public,EXECUTE,Queries,,ALLOW,20260917_154400_01257_ueuue
2026-09-17T15:43:59.938766Z,gov-fraud,gov_fraud_analyst|public,(ANY),Tables,js_financial_ice.gov_demo.customer_transactions.*,ROW_FILTER,20260917_154359_01256_ueuue
2026-09-17T15:43:59.934125Z,gov-fraud,gov_fraud_analyst|public,SELECT,Tables,"js_financial_ice.gov_demo.customer_transactions.[fraud_flag,country_code,customer_name,mobile_number,risk_score,national_id,email]",ALLOW,20260917_154359_01256_ueuue
2026-09-17T15:43:59.931418Z,gov-fraud,gov_fraud_analyst|public,(ANY),Tables,js_financial_ice.gov_demo.customer_transactions.customer_name,COLUMN_MASK,20260917_154359_01256_ueuue
2026-09-17T15:43:59.931392Z,gov-fraud,gov_fraud_analyst|public,(ANY),Tables,js_financial_ice.gov_demo.customer_transactions.email,COLUMN_MASK,20260917_154359_01256_ueuue
2026-09-17T15:43:59.931359Z,gov-fraud,gov_fraud_analyst|public,(ANY),Tables,js_financial_ice.gov_demo.customer_transactions.mobile_number,COLUMN_MASK,20260917_154359_01256_ueuue
2026-09-17T15:43:59.931303Z,gov-fraud,gov_fraud_analyst|public,(ANY),Tables,js_financial_ice.gov_demo.customer_transactions.national_id,COLUMN_MASK,20260917_154359_01256_ueuue
2026-09-17T15:43:59.923680Z,gov-fraud,gov_fraud_analyst|public,EXECUTE,Queries,,ALLOW,20260917_154359_01256_ueuue
2026-09-17T15:43:59.785630Z,gov-fraud,gov_fraud_analyst|public,(ANY),Tables,js_financial_ice.gov_demo.customer_transactions.*,ROW_FILTER,20260917_154359_01255_ueuue
2026-09-17T15:43:59.780839Z,gov-fraud,gov_fraud_analyst|public,SELECT,Tables,"js_financial_ice.gov_demo.customer_transactions.[fraud_flag,country_code,customer_name,mobile_number,risk_score,national_id,email]",ALLOW,20260917_154359_01255_ueuue
2026-09-17T15:43:59.779608Z,gov-fraud,gov_fraud_analyst|public,(ANY),Tables,js_financial_ice.gov_demo.customer_transactions.customer_name,COLUMN_MASK,20260917_154359_01255_ueuue
2026-09-17T15:43:59.779600Z,gov-fraud,gov_fraud_analyst|public,(ANY),Tables,js_financial_ice.gov_demo.customer_transactions.email,COLUMN_MASK,20260917_154359_01255_ueuue
2026-09-17T15:43:59.779590Z,gov-fraud,gov_fraud_analyst|public,(ANY),Tables,js_financial_ice.gov_demo.customer_transactions.mobile_number,COLUMN_MASK,20260917_154359_01255_ueuue
2026-09-17T15:43:59.779569Z,gov-fraud,gov_fraud_analyst|public,(ANY),Tables,js_financial_ice.gov_demo.customer_transactions.national_id,COLUMN_MASK,20260917_154359_01255_ueuue
2026-09-17T15:43:59.773994Z,gov-fraud,gov_fraud_analyst|public,EXECUTE,Queries,,ALLOW,20260917_154359_01255_ueuue
2026-09-17T15:43:59.627706Z,gov-tha,gov_thailand_analyst|public,(ANY),Tables,js_financial_ice.gov_demo.customer_transactions.*,ROW_FILTER,20260917_154359_01254_ueuue
2026-09-17T15:43:59.625Z,gov-tha,gov_thailand_analyst|public,SELECT,Tables,"js_financial_ice.gov_demo.customer_transactions.[fraud_flag,account_id,country_code,customer_name,mobile_number,risk_score,transaction_id,national_id,fraud_t...",ALLOW,20260917_154359_01254_ueuue
2026-09-17T15:43:59.624078Z,gov-tha,gov_thailand_analyst|public,(ANY),Tables,js_financial_ice.gov_demo.customer_transactions.account_id,COLUMN_MASK,20260917_154359_01254_ueuue
2026-09-17T15:43:59.624071Z,gov-tha,gov_thailand_analyst|public,(ANY),Tables,js_financial_ice.gov_demo.customer_transactions.email,COLUMN_MASK,20260917_154359_01254_ueuue
2026-09-17T15:43:59.624064Z,gov-tha,gov_thailand_analyst|public,(ANY),Tables,js_financial_ice.gov_demo.customer_transactions.mobile_number,COLUMN_MASK,20260917_154359_01254_ueuue
2026-09-17T15:43:59.624052Z,gov-tha,gov_thailand_analyst|public,(ANY),Tables,js_financial_ice.gov_demo.customer_transactions.national_id,COLUMN_MASK,20260917_154359_01254_ueuue
2026-09-17T15:43:59.624029Z,gov-tha,gov_thailand_analyst|public,(ANY),Tables,js_financial_ice.gov_demo.customer_transactions.customer_name,COLUMN_MASK,20260917_154359_01254_ueuue
2026-09-17T15:43:59.617660Z,gov-tha,gov_thailand_analyst|public,EXECUTE,Queries,,ALLOW,20260917_154359_01254_ueuue
2026-09-17T15:43:59.485936Z,gov-fraud,gov_fraud_analyst|public,(ANY),Tables,js_financial_ice.gov_demo.customer_transactions.*,ROW_FILTER,20260917_154359_01253_ueuue
2026-09-17T15:43:59.479962Z,gov-fraud,gov_fraud_analyst|public,SELECT,Tables,"js_financial_ice.gov_demo.customer_transactions.[fraud_flag,account_id,country_code,customer_name,mobile_number,risk_score,transaction_id,national_id,fraud_t...",ALLOW,20260917_154359_01253_ueuue
2026-09-17T15:43:59.478397Z,gov-fraud,gov_fraud_analyst|public,(ANY),Tables,js_financial_ice.gov_demo.customer_transactions.customer_name,COLUMN_MASK,20260917_154359_01253_ueuue
2026-09-17T15:43:59.478389Z,gov-fraud,gov_fraud_analyst|public,(ANY),Tables,js_financial_ice.gov_demo.customer_transactions.email,COLUMN_MASK,20260917_154359_01253_ueuue
2026-09-17T15:43:59.478364Z,gov-fraud,gov_fraud_analyst|public,(ANY),Tables,js_financial_ice.gov_demo.customer_transactions.mobile_number,COLUMN_MASK,20260917_154359_01253_ueuue
2026-09-17T15:43:59.478322Z,gov-fraud,gov_fraud_analyst|public,(ANY),Tables,js_financial_ice.gov_demo.customer_transactions.national_id,COLUMN_MASK,20260917_154359_01253_ueuue
2026-09-17T15:43:59.464599Z,gov-fraud,gov_fraud_analyst|public,EXECUTE,Queries,,ALLOW,20260917_154359_01253_ueuue
2026-09-17T15:43:16.012645Z,gov-tha,gov_thailand_analyst|public,(ANY),Tables,js_financial_ice.gov_demo.customer_transactions.*,ROW_FILTER,20260917_154315_01252_ueuue
2026-09-17T15:43:16.007730Z,gov-tha,gov_thailand_analyst|public,SELECT,Tables,"js_financial_ice.gov_demo.customer_transactions.[fraud_flag,account_id,country_code,customer_name,mobile_number,risk_score,transaction_id,national_id,email]",ALLOW,20260917_154315_01252_ueuue
2026-09-17T15:43:16.006483Z,gov-tha,gov_thailand_analyst|public,(ANY),Tables,js_financial_ice.gov_demo.customer_transactions.account_id,COLUMN_MASK,20260917_154315_01252_ueuue
2026-09-17T15:43:16.006471Z,gov-tha,gov_thailand_analyst|public,(ANY),Tables,js_financial_ice.gov_demo.customer_transactions.email,COLUMN_MASK,20260917_154315_01252_ueuue
2026-09-17T15:43:16.006458Z,gov-tha,gov_thailand_analyst|public,(ANY),Tables,js_financial_ice.gov_demo.customer_transactions.mobile_number,COLUMN_MASK,20260917_154315_01252_ueuue
2026-09-17T15:43:16.006440Z,gov-tha,gov_thailand_analyst|public,(ANY),Tables,js_financial_ice.gov_demo.customer_transactions.national_id,COLUMN_MASK,20260917_154315_01252_ueuue
2026-09-17T15:43:16.006412Z,gov-tha,gov_thailand_analyst|public,(ANY),Tables,js_financial_ice.gov_demo.customer_transactions.customer_name,COLUMN_MASK,20260917_154315_01252_ueuue
2026-09-17T15:43:16.000461Z,gov-tha,gov_thailand_analyst|public,EXECUTE,Queries,,ALLOW,20260917_154315_01252_ueuue
2026-09-17T15:43:15.863631Z,gov-fraud,gov_fraud_analyst|public,(ANY),Tables,js_financial_ice.gov_demo.customer_transactions.*,ROW_FILTER,20260917_154315_01251_ueuue
2026-09-17T15:43:15.851642Z,gov-fraud,gov_fraud_analyst|public,SELECT,Tables,"js_financial_ice.gov_demo.customer_transactions.[fraud_flag,account_id,country_code,customer_name,mobile_number,risk_score,transaction_id,national_id,email]",ALLOW,20260917_154315_01251_ueuue
2026-09-17T15:43:15.850170Z,gov-fraud,gov_fraud_analyst|public,(ANY),Tables,js_financial_ice.gov_demo.customer_transactions.customer_name,COLUMN_MASK,20260917_154315_01251_ueuue
2026-09-17T15:43:15.850162Z,gov-fraud,gov_fraud_analyst|public,(ANY),Tables,js_financial_ice.gov_demo.customer_transactions.email,COLUMN_MASK,20260917_154315_01251_ueuue
2026-09-17T15:43:15.850151Z,gov-fraud,gov_fraud_analyst|public,(ANY),Tables,js_financial_ice.gov_demo.customer_transactions.mobile_number,COLUMN_MASK,20260917_154315_01251_ueuue
2026-09-17T15:43:15.850127Z,gov-fraud,gov_fraud_analyst|public,(ANY),Tables,js_financial_ice.gov_demo.customer_transactions.national_id,COLUMN_MASK,20260917_154315_01251_ueuue
2026-09-17T15:43:15.844337Z,gov-fraud,gov_fraud_analyst|public,EXECUTE,Queries,,ALLOW,20260917_154315_01251_ueuue
2026-09-17T15:43:15.723081Z,gov-admin,gov_data_admin|public,SELECT,Tables,"js_financial_ice.gov_demo.customer_transactions.[fraud_flag,account_id,country_code,customer_name,mobile_number,risk_score,transaction_id,national_id,email]",ALLOW,20260917_154315_01250_ueuue
2026-09-17T15:43:15.710127Z,gov-admin,gov_data_admin|public,EXECUTE,Queries,,ALLOW,20260917_154315_01250_ueuue
2026-09-17T15:42:25.512160Z,gov-tha,gov_thailand_analyst|public,SELECT,Tables,"js_financial_ice.gov_demo.customer_transactions.[customer_name,national_id]",ALLOW,20260917_154225_01241_ueuue
2026-09-17T15:42:25.511151Z,gov-tha,gov_thailand_analyst|public,(ANY),Tables,js_financial_ice.gov_demo.customer_transactions.account_id,COLUMN_MASK,20260917_154225_01241_ueuue
2026-09-17T15:42:25.511144Z,gov-tha,gov_thailand_analyst|public,(ANY),Tables,js_financial_ice.gov_demo.customer_transactions.email,COLUMN_MASK,20260917_154225_01241_ueuue
2026-09-17T15:42:25.511136Z,gov-tha,gov_thailand_analyst|public,(ANY),Tables,js_financial_ice.gov_demo.customer_transactions.mobile_number,COLUMN_MASK,20260917_154225_01241_ueuue
2026-09-17T15:42:25.511126Z,gov-tha,gov_thailand_analyst|public,(ANY),Tables,js_financial_ice.gov_demo.customer_transactions.national_id,COLUMN_MASK,20260917_154225_01241_ueuue
2026-09-17T15:42:25.511108Z,gov-tha,gov_thailand_analyst|public,(ANY),Tables,js_financial_ice.gov_demo.customer_transactions.customer_name,COLUMN_MASK,20260917_154225_01241_ueuue
2026-09-17T15:42:25.504839Z,gov-tha,gov_thailand_analyst|public,EXECUTE,Queries,,ALLOW,20260917_154225_01241_ueuue
2026-09-17T15:42:25.423367Z,gov-fraud,gov_fraud_analyst|public,(ANY),Tables,js_financial_ice.gov_demo.customer_transactions.customer_name,COLUMN_MASK,20260917_154225_01240_ueuue
2026-09-17T15:42:25.423360Z,gov-fraud,gov_fraud_analyst|public,(ANY),Tables,js_financial_ice.gov_demo.customer_transactions.email,COLUMN_MASK,20260917_154225_01240_ueuue
2026-09-17T15:42:25.423349Z,gov-fraud,gov_fraud_analyst|public,(ANY),Tables,js_financial_ice.gov_demo.customer_transactions.mobile_number,COLUMN_MASK,20260917_154225_01240_ueuue
2026-09-17T15:42:25.423327Z,gov-fraud,gov_fraud_analyst|public,(ANY),Tables,js_financial_ice.gov_demo.customer_transactions.national_id,COLUMN_MASK,20260917_154225_01240_ueuue
2026-09-17T15:42:25.417675Z,gov-fraud,gov_fraud_analyst|public,EXECUTE,Queries,,ALLOW,20260917_154225_01240_ueuue
2026-09-17T15:42:25.292170Z,gov-admin,gov_data_admin|public,SELECT,Tables,js_financial_ice.gov_demo.customer_transactions.country_code,ALLOW,20260917_154225_01239_ueuue
2026-09-17T15:42:25.286582Z,gov-admin,gov_data_admin|public,EXECUTE,Queries,,ALLOW,20260917_154225_01239_ueuue
2026-09-17T15:42:25.192032Z,gov-tha,gov_thailand_analyst|public,SELECT,Tables,"js_financial_ice.gov_demo.customer_transactions.[customer_name,national_id]",ALLOW,20260917_154225_01238_ueuue
2026-09-17T15:42:25.190605Z,gov-tha,gov_thailand_analyst|public,(ANY),Tables,js_financial_ice.gov_demo.customer_transactions.account_id,COLUMN_MASK,20260917_154225_01238_ueuue
2026-09-17T15:42:25.190591Z,gov-tha,gov_thailand_analyst|public,(ANY),Tables,js_financial_ice.gov_demo.customer_transactions.email,COLUMN_MASK,20260917_154225_01238_ueuue
2026-09-17T15:42:25.190554Z,gov-tha,gov_thailand_analyst|public,(ANY),Tables,js_financial_ice.gov_demo.customer_transactions.mobile_number,COLUMN_MASK,20260917_154225_01238_ueuue
2026-09-17T15:42:25.190534Z,gov-tha,gov_thailand_analyst|public,(ANY),Tables,js_financial_ice.gov_demo.customer_transactions.national_id,COLUMN_MASK,20260917_154225_01238_ueuue
2026-09-17T15:42:25.190503Z,gov-tha,gov_thailand_analyst|public,(ANY),Tables,js_financial_ice.gov_demo.customer_transactions.customer_name,COLUMN_MASK,20260917_154225_01238_ueuue
2026-09-17T15:42:25.183958Z,gov-tha,gov_thailand_analyst|public,EXECUTE,Queries,,ALLOW,20260917_154225_01238_ueuue
2026-09-17T15:42:25.091919Z,gov-fraud,gov_fraud_analyst|public,(ANY),Tables,js_financial_ice.gov_demo.customer_transactions.customer_name,COLUMN_MASK,20260917_154225_01237_ueuue
2026-09-17T15:42:25.091904Z,gov-fraud,gov_fraud_analyst|public,(ANY),Tables,js_financial_ice.gov_demo.customer_transactions.email,COLUMN_MASK,20260917_154225_01237_ueuue
2026-09-17T15:42:25.091884Z,gov-fraud,gov_fraud_analyst|public,(ANY),Tables,js_financial_ice.gov_demo.customer_transactions.mobile_number,COLUMN_MASK,20260917_154225_01237_ueuue
2026-09-17T15:42:25.091845Z,gov-fraud,gov_fraud_analyst|public,(ANY),Tables,js_financial_ice.gov_demo.customer_transactions.national_id,COLUMN_MASK,20260917_154225_01237_ueuue
2026-09-17T15:42:25.083310Z,gov-fraud,gov_fraud_analyst|public,EXECUTE,Queries,,ALLOW,20260917_154225_01237_ueuue
2026-09-17T15:42:24.959118Z,gov-admin,gov_data_admin|public,SELECT,Tables,"js_financial_ice.gov_demo.customer_transactions.[fraud_flag,account_id,country_code,customer_name,mobile_number,risk_score,transaction_id,national_id,email]",ALLOW,20260917_154224_01236_ueuue
2026-09-17T15:42:24.945352Z,gov-admin,gov_data_admin|public,EXECUTE,Queries,,ALLOW,20260917_154224_01236_ueuue
2026-09-17T15:41:47.106667Z,gov-audit,gov_auditor|public,SELECT,Tables,js_financial_ice.gov_demo.customer_transactions.*,DENY,20260917_154147_01233_ueuue
2026-09-17T15:41:47.099859Z,gov-audit,gov_auditor|public,EXECUTE,Queries,,ALLOW,20260917_154147_01233_ueuue
2026-09-17T15:41:46.992788Z,gov-tha,gov_thailand_analyst|public,SELECT,Tables,js_financial_ice.gov_demo.customer_transactions.*,ALLOW,20260917_154146_01232_ueuue
2026-09-17T15:41:46.985793Z,gov-tha,gov_thailand_analyst|public,EXECUTE,Queries,,ALLOW,20260917_154146_01232_ueuue
2026-09-17T15:41:46.904220Z,gov-biz,gov_business_analyst|public,SELECT,Tables,js_financial_ice.gov_demo.customer_transactions.*,DENY,20260917_154146_01231_ueuue
2026-09-17T15:41:46.897292Z,gov-biz,gov_business_analyst|public,EXECUTE,Queries,,ALLOW,20260917_154146_01231_ueuue
2026-09-17T15:41:46.798912Z,gov-fraud,gov_fraud_analyst|public,SELECT,Tables,js_financial_ice.gov_demo.customer_transactions.*,ALLOW,20260917_154146_01230_ueuue
2026-09-17T15:41:46.791607Z,gov-fraud,gov_fraud_analyst|public,EXECUTE,Queries,,ALLOW,20260917_154146_01230_ueuue
2026-09-17T15:41:46.693679Z,gov-admin,gov_data_admin|public,SELECT,Tables,js_financial_ice.gov_demo.customer_transactions.*,ALLOW,20260917_154146_01229_ueuue
2026-09-17T15:41:46.681602Z,gov-admin,gov_data_admin|public,EXECUTE,Queries,,ALLOW,20260917_154146_01229_ueuue
2026-09-17T15:41:46.591960Z,gov-audit,gov_auditor|public,EXECUTE,Queries,,ALLOW,20260917_154146_01228_ueuue
2026-09-17T15:41:46.503564Z,gov-tha,gov_thailand_analyst|public,EXECUTE,Queries,,ALLOW,20260917_154146_01227_ueuue
2026-09-17T15:41:46.403771Z,gov-biz,gov_business_analyst|public,EXECUTE,Queries,,ALLOW,20260917_154146_01226_ueuue
2026-09-17T15:41:46.286569Z,gov-fraud,gov_fraud_analyst|public,EXECUTE,Queries,,ALLOW,20260917_154146_01225_ueuue
2026-09-17T15:41:46.160332Z,gov-admin,gov_data_admin|public,EXECUTE,Queries,,ALLOW,20260917_154146_01224_ueuue
2026-09-17T15:41:25.004893Z,dv-admin,sysadmin,SHOW,Tables,js_financial_ice.gov_demo.*,ALLOW,
2026-09-17T15:41:24.969532Z,dv-admin,sysadmin,SELECT,Tables,js_financial_ice.gov_demo.payment_business_summary.*,ALLOW,
2026-09-17T15:41:24.934266Z,dv-admin,sysadmin,SHOW,Tables,js_financial_ice.gov_demo.payment_business_summary.*,ALLOW,
2026-09-17T15:41:24.899404Z,dv-admin,sysadmin,SELECT,Tables,js_financial_ice.gov_demo.customer_transactions.*,ALLOW,
2026-09-17T15:41:24.863711Z,dv-admin,sysadmin,SHOW,Tables,js_financial_ice.gov_demo.customer_transactions.*,ALLOW,
2026-09-17T15:41:24.818286Z,dv-admin,sysadmin,SELECT,Tables,js_financial_ice.gov_demo.payment_business_summary.*,ALLOW,
2026-09-17T15:41:24.784121Z,dv-admin,sysadmin,SHOW,Tables,js_financial_ice.gov_demo.payment_business_summary.*,ALLOW,
2026-09-17T15:41:24.750141Z,dv-admin,sysadmin,SELECT,Tables,js_financial_ice.gov_demo.payment_business_summary.*,ALLOW,
2026-09-17T15:41:24.715919Z,dv-admin,sysadmin,SHOW,Tables,js_financial_ice.gov_demo.payment_business_summary.*,ALLOW,
2026-09-17T15:41:24.680976Z,dv-admin,sysadmin,SELECT,Tables,js_financial_ice.gov_demo.customer_transactions.*,ALLOW,
2026-09-17T15:41:24.646842Z,dv-admin,sysadmin,SHOW,Tables,js_financial_ice.gov_demo.customer_transactions.*,ALLOW,
2026-09-17T15:41:24.243203Z,dv-admin,sysadmin,DROP,Tables,js_financial_ice.gov_demo.*,ALLOW,
2026-09-17T15:41:24.207728Z,dv-admin,sysadmin,ALTER,Tables,js_financial_ice.gov_demo.*,ALLOW,
2026-09-17T15:41:24.171721Z,dv-admin,sysadmin,CREATE,Tables,js_financial_ice.gov_demo.*,ALLOW,
2026-09-17T15:41:24.136300Z,dv-admin,sysadmin,DELETE,Tables,js_financial_ice.gov_demo.*,ALLOW,
2026-09-17T15:41:24.100393Z,dv-admin,sysadmin,UPDATE,Tables,js_financial_ice.gov_demo.*,ALLOW,
2026-09-17T15:41:24.064732Z,dv-admin,sysadmin,INSERT,Tables,js_financial_ice.gov_demo.*,ALLOW,
2026-09-17T15:41:24.029656Z,dv-admin,sysadmin,SELECT,Tables,js_financial_ice.gov_demo.*,ALLOW,
2026-09-17T15:41:23.995077Z,dv-admin,sysadmin,SHOW,Tables,js_financial_ice.gov_demo.*,ALLOW,
2026-09-17T15:40:52.986724Z,dv-admin,sysadmin,SHOW,Tables,js_financial_ice.gov_demo.*,ALLOW,
2026-09-17T15:40:52.947016Z,dv-admin,sysadmin,CREATE,Tables,js_financial_ice.gov_demo.*,ALLOW,
2026-09-17T15:40:52.856571Z,dv-admin,sysadmin,DROP,Tables,js_financial_ice.gov_demo.v_test2.*,ALLOW,20260917_154052_01223_ueuue
2026-09-17T15:40:52.722185Z,dv-admin,sysadmin,DROP,Tables,js_financial_ice.gov_demo.v_test_definer.*,ALLOW,20260917_154052_01221_ueuue
2026-09-17T15:40:43.570028Z,jirawut,jirawut_demo|public|pystarburst,SELECT,Tables,"js_financial_ice.gov_demo.customer_transactions.[country_code,amount,customer_id]",ALLOW,20260917_154043_01219_ueuue
2026-09-17T15:40:43.569797Z,dv-admin,sysadmin,SELECT,Tables,js_financial_ice.gov_demo.v_test2.*,ALLOW,20260917_154043_01219_ueuue
2026-09-17T15:40:43.416742Z,jirawut,jirawut_demo|public|pystarburst,SELECT,Tables,"js_financial_ice.gov_demo.customer_transactions.[country_code,amount,customer_id]",ALLOW,20260917_154043_01217_ueuue
2026-09-17T15:40:43.416638Z,jirawut,jirawut_demo|public|pystarburst,SELECT,Tables,js_financial_ice.gov_demo.v_test2.*,ALLOW,20260917_154043_01217_ueuue
2026-09-17T15:40:43.315090Z,jirawut,jirawut_demo|public|pystarburst,SELECT,Tables,"js_financial_ice.gov_demo.customer_transactions.[country_code,amount,customer_id]",ALLOW,20260917_154043_01216_ueuue
2026-09-17T15:40:43.292151Z,jirawut,jirawut_demo|public|pystarburst,CREATE,Tables,js_financial_ice.gov_demo.v_test2.*,ALLOW,20260917_154043_01216_ueuue
2026-09-17T15:40:43.177655Z,dv-admin,sysadmin,SELECT,Tables,js_financial_ice.gov_demo.*,ALLOW,
2026-09-17T15:40:43.140542Z,dv-admin,sysadmin,SELECT,Tables,js_financial_ice.gov_demo.*,ALLOW,
2026-09-17T15:40:39.509098Z,dv-admin,sysadmin,SELECT,Tables,js_financial_ice.gov_demo.*,ALLOW,
2026-09-17T15:40:32.684039Z,dv-admin,sysadmin,SELECT,Tables,js_financial_ice.gov_demo.v_test_definer.*,ALLOW,20260917_154032_01215_ueuue
2026-09-17T15:40:28.139952Z,jirawut,jirawut_demo|public|pystarburst,SELECT,Tables,js_financial_ice.gov_demo.v_test_definer.*,ALLOW,20260917_154028_01213_ueuue
2026-09-17T15:40:28.002199Z,dv-admin,sysadmin,SHOW,Tables,js_financial_ice.gov_demo.*,ALLOW,
2026-09-17T15:40:27.963464Z,dv-admin,sysadmin,CREATE,Tables,js_financial_ice.gov_demo.*,ALLOW,
2026-09-17T15:40:27.916397Z,dv-admin,sysadmin,SELECT,Tables,js_financial_ice.gov_demo.*,ALLOW,
2026-09-17T15:40:11.968437Z,dv-admin,sysadmin,SELECT,Tables,js_financial_ice.gov_demo.v_test_definer.*,ALLOW,20260917_154011_01210_ueuue
2026-09-17T15:40:04.953265Z,jirawut,jirawut_demo|public|pystarburst,SELECT,Tables,js_financial_ice.gov_demo.v_test_definer.*,ALLOW,20260917_154004_01208_ueuue
2026-09-17T15:40:04.801983Z,jirawut,jirawut_demo|public|pystarburst,CREATE,Tables,js_financial_ice.gov_demo.v_test_definer.*,ALLOW,20260917_154004_01207_ueuue
2026-09-17T15:39:44.555327Z,jirawut,jirawut_demo|public|pystarburst,SELECT,Tables,js_financial_ice.gov_demo.customer_transactions.country_code,DENY,20260917_153944_01206_ueuue
2026-09-17T15:39:44.555202Z,dv-admin,sysadmin,SELECT,Tables,js_financial_ice.gov_demo.payment_business_summary.*,ALLOW,20260917_153944_01206_ueuue
2026-09-17T15:39:44.384053Z,jirawut,jirawut_demo|public|pystarburst,SELECT,Tables,"js_financial_ice.gov_demo.customer_transactions.[fraud_flag,country_code,event_timestamp,channel,risk_score,transaction_status,merchant_category,amount]",ALLOW,20260917_153944_01204_ueuue
2026-09-17T15:39:44.383861Z,jirawut,jirawut_demo|public|pystarburst,SELECT,Tables,js_financial_ice.gov_demo.payment_business_summary.*,ALLOW,20260917_153944_01204_ueuue
2026-09-17T15:39:44.268238Z,jirawut,jirawut_demo|public|pystarburst,SELECT,Tables,js_financial_ice.gov_demo.customer_transactions.*,ALLOW,20260917_153944_01203_ueuue
2026-09-17T15:39:32.884898Z,jirawut,jirawut_demo|public|pystarburst,SELECT,Tables,js_financial_ice.gov_demo.customer_transactions.country_code,DENY,20260917_153932_01202_ueuue
2026-09-17T15:39:32.884776Z,dv-admin,sysadmin,SELECT,Tables,js_financial_ice.gov_demo.payment_business_summary.*,ALLOW,20260917_153932_01202_ueuue
2026-09-17T15:39:32.719665Z,dv-admin,sysadmin,SELECT,Tables,js_financial_ice.gov_demo.customer_transactions.country_code,ALLOW,20260917_153932_01200_ueuue
2026-09-17T15:39:32.540787Z,dv-admin,sysadmin,SELECT,Tables,js_financial_ice.gov_demo.customer_transactions.country_code,ALLOW,20260917_153932_01198_ueuue
2026-09-17T15:39:32.404689Z,jirawut,jirawut_demo|public|pystarburst,SELECT,Tables,"js_financial_ice.gov_demo.customer_transactions.[fraud_flag,country_code,event_timestamp,channel,risk_score,transaction_status,merchant_category,amount]",ALLOW,20260917_153932_01196_ueuue
2026-09-17T15:39:32.384300Z,jirawut,jirawut_demo|public|pystarburst,CREATE,Tables,js_financial_ice.gov_demo.payment_business_summary.*,ALLOW,20260917_153932_01196_ueuue
2026-09-17T15:39:32.150907Z,dv-admin,sysadmin,INSERT,Tables,js_financial_ice.gov_demo.customer_transactions.*,ALLOW,20260917_153932_01195_ueuue
2026-09-17T15:39:31.915599Z,dv-admin,sysadmin,DELETE,Tables,js_financial_ice.gov_demo.customer_transactions.*,ALLOW,20260917_153931_01193_ueuue
2026-09-17T15:39:31.772616Z,dv-admin,sysadmin,SET,Schema properties,location=s3://js-demo/warehouse/gov_demo in js_financial_ice.gov_demo,ALLOW,20260917_153931_01191_ueuue
2026-09-17T15:39:31.772583Z,dv-admin,sysadmin,CREATE,Tables,js_financial_ice.gov_demo.*,ALLOW,20260917_153931_01191_ueuue
2026-09-17T15:39:31.627256Z,dv-admin,sysadmin,SELECT,Tables,js_financial_ice.gov_demo.customer_transactions.*,ALLOW,20260917_153931_01189_ueuue
2026-09-17T15:38:37.301216Z,dv-admin,sysadmin,SELECT,Tables,js_financial_ice.gov_demo.payment_business_summary.*,ALLOW,20260917_153837_01184_ueuue
2026-09-17T15:38:37.119806Z,dv-admin,sysadmin,SELECT,Tables,js_financial_ice.gov_demo.customer_transactions.country_code,ALLOW,20260917_153837_01182_ueuue
2026-09-17T15:38:28.451650Z,dv-admin,sysadmin,SELECT,Tables,js_financial_ice.gov_demo.payment_business_summary.*,ALLOW,20260917_153828_01180_ueuue
2026-09-17T15:38:28.377660Z,dv-admin,sysadmin,SELECT,Tables,js_financial_ice.gov_demo.customer_transactions.country_code,ALLOW,20260917_153828_01179_ueuue
2026-09-17T15:38:28.276808Z,dv-admin,sysadmin,SELECT,Tables,js_financial_ice.gov_demo.customer_transactions.country_code,ALLOW,20260917_153828_01178_ueuue
2026-09-17T15:38:28.169396Z,dv-admin,sysadmin,SELECT,Tables,"js_financial_ice.gov_demo.customer_transactions.[fraud_flag,country_code,event_timestamp,channel,risk_score,transaction_status,merchant_category,amount]",ALLOW,20260917_153828_01177_ueuue
2026-09-17T15:38:28.146671Z,dv-admin,sysadmin,CREATE,Tables,js_financial_ice.gov_demo.payment_business_summary.*,ALLOW,20260917_153828_01177_ueuue
2026-09-17T15:38:27.644173Z,dv-admin,sysadmin,INSERT,Tables,js_financial_ice.gov_demo.customer_transactions.*,ALLOW,20260917_153827_01175_ueuue
2026-09-17T15:38:27.382248Z,dv-admin,sysadmin,DELETE,Tables,js_financial_ice.gov_demo.customer_transactions.*,ALLOW,20260917_153827_01173_ueuue
2026-09-17T15:38:27.095451Z,dv-admin,sysadmin,CREATE,Tables,js_financial_ice.gov_demo.customer_transactions.*,ALLOW,20260917_153827_01171_ueuue
2026-09-17T15:38:26.967227Z,dv-admin,sysadmin,SET,Schema properties,location=s3://js-demo/warehouse/gov_demo in js_financial_ice.gov_demo,ALLOW,20260917_153826_01169_ueuue
2026-09-17T15:38:26.967191Z,dv-admin,sysadmin,CREATE,Tables,js_financial_ice.gov_demo.*,ALLOW,20260917_153826_01169_ueuue
2026-09-17T15:38:26.359075Z,dv-admin,sysadmin,SHOW,Tables,js_financial_ice.gov_demo.*,ALLOW,20260917_153826_01163_ueuue
2026-09-17T15:38:26.309228Z,dv-admin,sysadmin,SET,Schema properties,location=s3://js-demo/warehouse/gov_demo in js_financial_ice.gov_demo,ALLOW,20260917_153826_01162_ueuue
2026-09-17T15:38:26.308841Z,dv-admin,sysadmin,CREATE,Tables,js_financial_ice.gov_demo.*,ALLOW,20260917_153826_01162_ueuue
2026-09-17T15:38:26.261036Z,dv-admin,sysadmin,DROP,Tables,js_financial_ice.gov_demo.*,ALLOW,20260917_153826_01161_ueuue
2026-09-17T15:38:26.199323Z,dv-admin,sysadmin,SHOW,Tables,js_financial_ice.gov_demo.*,ALLOW,20260917_153826_01160_ueuue
2026-09-17T15:38:19.395392Z,dv-admin,sysadmin,CREATE,Tables,js_financial_ice.gov_demo.customer_transactions.*,ALLOW,20260917_153819_01158_ueuue
2026-09-17T15:38:19.256856Z,dv-admin,sysadmin,CREATE,Tables,js_financial_ice.gov_demo.*,ALLOW,20260917_153819_01156_ueuue
2026-09-17T15:35:15.213459Z,dv-admin,sysadmin,SHOW,Tables,js_financial_ice.gov_demo.*,ALLOW,20260917_153515_01092_ueuue
2026-09-17T15:35:15.141794Z,dv-admin,sysadmin,CREATE,Tables,js_financial_ice.gov_demo.*,ALLOW,20260917_153515_01091_ueuue
2026-09-17T15:32:14.910124Z,gov-audit,jirawut_demo|public|pystarburst,EXECUTE,Queries,,ALLOW,20260917_153214_01085_ueuue
2026-09-17T15:32:14.813618Z,gov-tha,jirawut_demo|public|pystarburst,EXECUTE,Queries,,ALLOW,20260917_153214_01084_ueuue
2026-09-17T15:32:14.677904Z,gov-biz,jirawut_demo|public|pystarburst,EXECUTE,Queries,,ALLOW,20260917_153214_01083_ueuue
2026-09-17T15:32:14.574453Z,gov-admin,jirawut_demo|public|pystarburst,EXECUTE,Queries,,ALLOW,20260917_153214_01082_ueuue
2026-09-17T15:32:14.444044Z,gov-fraud,jirawut_demo|public|pystarburst,EXECUTE,Queries,,ALLOW,20260917_153214_01081_ueuue
