role_id,role_name,grant_id,effect,action,entity_category,entity_detail,mask_expr_id,filter_expr_id
4,pystarburst,71,ALLOW,REFRESH,TABLES,"{""catalog"": ""js_financial_ice""}",,
4,pystarburst,70,ALLOW,DELETE,TABLES,"{""catalog"": ""js_financial_ice""}",,
4,pystarburst,69,ALLOW,INSERT,TABLES,"{""catalog"": ""js_financial_ice""}",,
4,pystarburst,68,ALLOW,DROP,TABLES,"{""catalog"": ""js_financial_ice""}",,
4,pystarburst,67,ALLOW,CREATE,TABLES,"{""catalog"": ""js_financial_ice""}",,
4,pystarburst,66,ALLOW,ALTER,TABLES,"{""catalog"": ""js_financial_ice""}",,
4,pystarburst,65,ALLOW,UPDATE,TABLES,"{""catalog"": ""js_financial_ice""}",,
4,pystarburst,64,ALLOW,SHOW,TABLES,"{""catalog"": ""js_financial_ice""}",,
4,pystarburst,63,ALLOW,SELECT,TABLES,"{""catalog"": ""js_financial_ice""}",,
4,pystarburst,62,ALLOW,EXECUTE,FUNCTIONS,"{""catalog"": ""system"", ""schema"": ""builtin"", ""function"": ""analyze_logical_plan""}",,
-1,public,25,ALLOW,SHOW,USER_INTERFACE,"{""uiFeature"": ""CATALOG_EXPLORER""}",,
-1,public,24,ALLOW,SHOW,USER_INTERFACE,"{""uiFeature"": ""EXPORT_DATA""}",,
-1,public,23,ALLOW,SET,SYSTEM_SESSION_PROPERTIES,"{""entityKey"": ""skip_results_cache""}",,
-1,public,22,ALLOW,SET,SYSTEM_SESSION_PROPERTIES,"{""entityKey"": ""results_cache_entry_max_size_bytes""}",,
-1,public,20,ALLOW,SET,TABLE_PROPERTIES,"{""allEntities"": true}",,
-1,public,19,ALLOW,SET,SCHEMA_PROPERTIES,"{""allEntities"": true}",,
-1,public,18,ALLOW,SHOW,USER_INTERFACE,"{""uiFeature"": ""CLUSTER_HISTORY""}",,
-1,public,17,ALLOW,SHOW,USER_INTERFACE,"{""uiFeature"": ""QUERIES""}",,
-1,public,16,ALLOW,SHOW,USER_INTERFACE,"{""uiFeature"": ""OVERVIEW""}",,
-1,public,15,ALLOW,SHOW,USER_INTERFACE,"{""uiFeature"": ""DATA_PRODUCTS""}",,
-1,public,14,ALLOW,SHOW,USER_INTERFACE,"{""uiFeature"": ""QUERY_EDITOR""}",,
-1,public,13,ALLOW,SELECT,TABLES,"{""catalog"": ""system"", ""schema"": ""runtime""}",,
-1,public,11,ALLOW,EXECUTE,QUERIES,"{""allEntities"": true}",,
3,jirawut_demo,77,ALLOW,PUBLISH,DATA_PRODUCTS,"{""allEntities"": true}",,
3,jirawut_demo,76,ALLOW,CREATE,DATA_PRODUCTS,"{""allEntities"": true}",,
3,jirawut_demo,75,ALLOW,DROP,DATA_PRODUCTS,"{""allEntities"": true}",,
3,jirawut_demo,74,ALLOW,SHOW,DATA_PRODUCTS,"{""allEntities"": true}",,
3,jirawut_demo,73,ALLOW,ALTER,DATA_PRODUCTS,"{""allEntities"": true}",,
3,jirawut_demo,72,ALLOW,SELECT,TABLES,"{""catalog"": ""js_mysql_customer360""}",,
3,jirawut_demo,61,ALLOW,SHOW,USER_INTERFACE,"{""uiFeature"": ""SPARK_RUNTIME""}",,
3,jirawut_demo,60,ALLOW,SHOW,USER_INTERFACE,"{""uiFeature"": ""SCHEMA_DISCOVERY""}",,
3,jirawut_demo,59,ALLOW,SHOW,USER_INTERFACE,"{""uiFeature"": ""SPARK_MANAGEMENT""}",,
3,jirawut_demo,58,ALLOW,SHOW,USER_INTERFACE,"{""uiFeature"": ""SQL_JOBS""}",,
3,jirawut_demo,57,ALLOW,USE,SPARK_INSTANCE_IMAGES,"{""allEntities"": true}",,
3,jirawut_demo,56,ALLOW,MANAGE,JUPYTER_NOTEBOOKS,"{""allEntities"": true}",,
3,jirawut_demo,55,ALLOW,CREATE,JUPYTER_NOTEBOOKS,"{""allEntities"": true}",,
3,jirawut_demo,54,ALLOW,MANAGE,SPARK_SYSTEM,"{""allEntities"": true}",,
3,jirawut_demo,53,ALLOW,MANAGE,SPARK_UPLOADS,"{""allEntities"": true}",,
3,jirawut_demo,52,ALLOW,CREATE,SPARK_UPLOADS,"{""allEntities"": true}",,
3,jirawut_demo,51,ALLOW,USE,SPARK_RESOURCE_POOLS,"{""allEntities"": true}",,
3,jirawut_demo,50,ALLOW,MANAGE,SPARK_JOBS,"{""allEntities"": true}",,
3,jirawut_demo,49,ALLOW,CREATE,SPARK_JOBS,"{""allEntities"": true}",,
3,jirawut_demo,48,ALLOW,CREATE,SPARK_CONNECT_SERVERS,"{""allEntities"": true}",,
3,jirawut_demo,47,ALLOW,MANAGE,SPARK_CONNECT_SERVERS,"{""allEntities"": true}",,
3,jirawut_demo,46,ALLOW,UPDATE,TABLES,"{""catalog"": ""js_financial_ice""}",,
3,jirawut_demo,45,ALLOW,REFRESH,TABLES,"{""catalog"": ""js_financial_ice""}",,
3,jirawut_demo,44,ALLOW,INSERT,TABLES,"{""catalog"": ""js_financial_ice""}",,
3,jirawut_demo,43,ALLOW,ALTER,TABLES,"{""catalog"": ""js_financial_ice""}",,
3,jirawut_demo,42,ALLOW,CREATE,TABLES,"{""catalog"": ""js_financial_ice""}",,
3,jirawut_demo,41,ALLOW,SHOW,TABLES,"{""catalog"": ""js_financial_ice""}",,
3,jirawut_demo,40,ALLOW,DELETE,TABLES,"{""catalog"": ""js_financial_ice""}",,
3,jirawut_demo,39,ALLOW,DROP,TABLES,"{""catalog"": ""js_financial_ice""}",,
3,jirawut_demo,38,ALLOW,SELECT,TABLES,"{""catalog"": ""js_financial_ice""}",,
1,ddae_svc_admin,37,ALLOW,IMPERSONATE,USERS,"{""allEntities"": true}",,
1,ddae_svc_admin,36,ALLOW,CREATE,TABLES,"{""allEntities"": true}",,
1,ddae_svc_admin,35,ALLOW,SELECT,TABLES,"{""allEntities"": true}",,
1,ddae_svc_admin,34,ALLOW,UPDATE,TABLES,"{""allEntities"": true}",,
1,ddae_svc_admin,33,ALLOW,INSERT,TABLES,"{""allEntities"": true}",,
1,ddae_svc_admin,32,ALLOW,DELETE,TABLES,"{""allEntities"": true}",,
1,ddae_svc_admin,31,ALLOW,REFRESH,TABLES,"{""allEntities"": true}",,
1,ddae_svc_admin,30,ALLOW,SHOW,TABLES,"{""allEntities"": true}",,
1,ddae_svc_admin,29,ALLOW,DROP,TABLES,"{""allEntities"": true}",,
1,ddae_svc_admin,28,ALLOW,ALTER,TABLES,"{""allEntities"": true}",,
1,ddae_svc_admin,27,ALLOW,SET,SYSTEM_SESSION_PROPERTIES,"{""allEntities"": true}",,
1,ddae_svc_admin,26,ALLOW,SET,CATALOG_SESSION_PROPERTIES,"{""allEntities"": true}",,
